idGol,idPartida,idTime,idJogadorGol,idJogadorAssistencia,tempo,acrescimo
1,94471,134,10135,10150.0,3,
2,94471,134,10150,,45,
3,94471,134,10550,,66,
4,94471,134,10133,10143.0,86,
5,94471,133,10573,10574.0,89,
6,94472,1062,9876,,45,2.0
7,94472,145,10538,10518.0,46,
8,94472,1062,9894,9901.0,53,
9,94473,131,10244,10249.0,45,2.0
10,94473,118,10039,10015.0,45,4.0
11,94473,118,10040,10041.0,76,
12,94473,118,10038,,84,
13,94473,131,10258,,90,5.0
14,94474,129,10290,10267.0,21,
15,94474,129,10292,10265.0,34,
16,94474,129,10268,10290.0,81,
17,94474,129,10290,,89,
18,94475,132,10222,,45,2.0
19,94475,132,10222,10192.0,88,
20,94476,135,10106,10096.0,40,
21,94476,127,10180,10168.0,41,
22,94476,127,10180,10173.0,67,
23,94476,127,10174,,90,
24,94477,151,10344,,89,
25,94478,128,10004,9994.0,6,
26,94478,128,9989,,35,
27,94478,130,2414,10498.0,90,3.0
28,94479,121,9932,9905.0,17,
29,94479,121,9916,9932.0,59,
30,94479,121,9932,9916.0,71,
31,94479,121,9921,9923.0,90,1.0
32,94480,126,9955,9971.0,41,
33,94480,126,9966,9959.0,83,
34,94481,130,10490,10496.0,45,
35,94481,145,10495,,85,
36,94482,118,10039,10013.0,6,
37,94482,120,10074,10069.0,30,
38,94482,120,10068,10076.0,36,
39,94482,120,10069,10074.0,45,3.0
40,94482,118,10022,,83,
41,94483,131,10238,,55,
42,94484,135,10098,,50,
43,94485,121,9920,9923.0,9,
44,94485,150,10474,,63,
45,94486,154,10436,10425.0,2,
46,94486,134,10124,10133.0,22,
47,94486,154,10437,10434.0,76,
48,94487,126,9972,9949.0,31,
49,94487,126,9969,9971.0,36,
50,94487,151,10359,,45,2.0
51,94488,119,10401,10391.0,5,
52,94488,127,2612,10173.0,60,
53,94488,119,10397,10387.0,77,
54,94489,128,10004,,65,
55,94489,128,10000,,73,
56,94489,124,10321,10331.0,85,
57,94490,1062,9888,9900.0,59,
58,94490,133,10576,,66,
59,94490,1062,2492,9874.0,90,
60,94491,118,10040,,40,
61,94492,120,10067,,70,
62,94493,129,10290,10267.0,24,
63,94493,1062,9883,9874.0,26,
64,94493,1062,9890,9874.0,90,3.0
65,94494,134,10143,10119.0,76,
66,94494,132,10222,,89,
67,94495,135,10090,10106.0,49,
68,94495,151,10364,,57,
69,94495,135,10094,10084.0,81,
70,94497,130,10505,10480.0,6,
71,94497,130,2414,10501.0,13,
72,94497,130,10491,10505.0,22,
73,94497,124,10328,10323.0,39,
74,94497,124,10323,,41,
75,94497,124,10301,,55,
76,94497,124,10321,,72,
77,94497,130,2466,10502.0,84,
78,94497,124,10328,,90,2.0
79,94498,121,9934,9939.0,14,
80,94499,127,10175,10170.0,8,
81,94499,126,9958,,83,
82,94500,131,10241,,17,
83,94500,133,10576,,39,
84,94501,134,10143,,11,
85,94502,121,9921,9920.0,45,
86,94502,121,9921,9939.0,52,
87,94505,127,10177,2424.0,8,
88,94505,127,10178,10167.0,51,
89,94505,132,10195,10192.0,90,2.0
90,94506,120,10067,10057.0,72,
91,94507,126,9959,9966.0,77,
92,94508,151,10346,10362.0,21,
93,94508,129,80166,10275.0,77,
94,94508,151,10359,,90,1.0
95,94509,119,10396,,32,
96,94509,135,10090,10098.0,36,
97,94509,119,10401,,56,
98,94509,119,10378,,83,
99,94510,128,9987,10009.0,19,
100,94510,128,10009,9985.0,33,
101,94510,128,2454,10009.0,73,
102,94511,131,10261,10250.0,14,
103,94511,131,10244,2411.0,87,
104,94512,1062,9880,9894.0,28,
105,94512,127,10180,,31,
106,94512,1062,2492,,47,
107,94513,129,10275,80166.0,11,
108,94513,129,10495,,23,
109,94513,130,2414,10501.0,31,
110,94514,132,10217,10222.0,13,
111,94514,154,10425,10437.0,39,
112,94514,154,10425,10287.0,63,
113,94514,154,10434,10425.0,65,
114,94515,124,10306,10320.0,44,
115,94515,124,10323,,46,
116,94515,135,10101,,49,
117,94515,124,10329,10322.0,81,
118,94515,124,10329,10322.0,90,5.0
119,94534,120,10072,10076.0,58,
120,94535,128,10004,10000.0,52,
121,94536,121,9939,9932.0,32,
122,94536,132,10222,,37,
123,94536,121,9916,,45,
124,94537,131,10242,10258.0,25,
125,94537,131,10254,,87,
126,94538,127,10174,2612.0,40,
127,94538,127,10174,2612.0,68,
128,94516,151,10362,10348.0,87,
129,94517,119,10396,10375.0,37,
130,94517,119,10387,10396.0,65,
131,94518,121,2502,9939.0,6,
132,94518,121,9934,9939.0,19,
133,94518,121,9920,,52,
134,94518,121,9923,9939.0,88,
135,94520,133,10559,10578.0,82,
136,94520,145,10541,10532.0,90,5.0
137,94521,145,10368,10544.0,44,
138,94521,129,80166,,73,
139,94521,129,80166,10290.0,87,
140,94522,118,10040,10041.0,16,
141,94522,124,10321,,19,
142,94522,118,10041,,30,
143,94522,118,10041,,69,
144,94522,124,10329,,80,
145,94523,121,2502,,62,
146,94524,131,10244,2411.0,7,
147,94525,132,10217,,52,
148,94525,135,10098,10101.0,57,
149,94525,132,10214,10223.0,85,
150,94526,150,64288,10473.0,62,
151,94527,127,10174,,32,
152,94527,134,10142,10149.0,64,
153,94527,134,10142,,72,
154,94527,127,10180,10168.0,90,
155,94527,127,10156,10163.0,90,6.0
156,94528,133,10581,,71,
157,94528,154,10438,10434.0,89,
158,94529,130,10503,10488.0,47,
159,94531,134,10134,10143.0,21,
160,94531,134,10143,10119.0,38,
161,94531,134,10142,10127.0,84,
162,94532,1062,9876,,20,
163,94532,1062,9880,,23,
164,94532,1062,2492,9899.0,50,
165,94532,1062,9892,9893.0,76,
166,94533,118,10044,,55,
167,94539,119,10401,,62,
168,94539,119,10387,10404.0,77,
169,94540,126,9972,9946.0,15,
170,94540,135,10098,,68,
171,94544,150,10446,9963.0,62,
172,94544,120,10069,10072.0,83,
173,94544,120,10067,10056.0,90,4.0
174,94546,151,10362,,37,
175,94546,132,10194,10390.0,45,
176,94546,151,10349,10356.0,78,
177,94546,151,10362,,90,2.0
178,94547,130,10500,10491.0,90,
179,94548,121,9920,,80,
180,94549,128,10004,9997.0,39,
181,94549,128,9997,,45,5.0
182,94549,1062,9893,9865.0,71,
183,94549,128,10000,,81,
184,94550,133,10571,,44,
185,94550,133,10579,,45,3.0
186,94550,119,10385,,56,
187,94551,1062,9893,,44,
188,94551,126,9972,9970.0,73,
189,94552,130,10491,,81,
190,94553,132,10222,10390.0,3,
191,94553,124,10311,,59,
192,94554,127,10177,10168.0,65,
193,94554,127,10174,,77,
194,94555,154,10256,10419.0,3,
195,94555,135,10103,10106.0,11,
196,94555,154,10256,10287.0,45,2.0
197,94556,151,10362,,6,
198,94556,151,10359,10362.0,32,
199,94556,134,10344,,90,2.0
200,94557,119,10395,10406.0,18,
201,94557,119,10406,,61,
202,94557,118,10044,10039.0,78,
203,94557,119,10391,10388.0,81,
204,94558,121,9934,9916.0,32,
205,94558,121,9921,9918.0,66,
206,94559,128,10004,9985.0,59,
207,94560,133,10552,,80,
208,94561,134,10147,,89,
209,94562,128,10000,,87,
210,94563,132,10222,10197.0,1,
211,94563,1062,9868,9900.0,80,
212,94563,1062,9886,,90,9.0
213,94564,131,10261,10254.0,78,
214,94566,127,2612,10174.0,6,
215,94566,151,10362,,12,
216,94566,127,10180,,44,
217,94566,127,2612,10180.0,45,1.0
218,94566,127,2612,10174.0,45,5.0
219,94566,127,10174,2612.0,56,
220,94566,127,10174,2612.0,81,
221,94567,124,10321,10306.0,41,
222,94567,129,10271,10269.0,45,4.0
223,94568,154,10437,,43,
224,94568,154,10437,10438.0,67,
225,94569,133,10581,,15,
226,94569,130,10500,10502.0,61,
227,94569,130,10500,10482.0,86,
228,94570,126,9976,9959.0,10,
229,94570,121,9939,9934.0,71,
230,94571,1062,10287,,7,
231,94571,1062,9880,,14,
232,94571,154,10419,10413.0,65,
233,94571,154,10287,,72,
234,94574,128,10506,9988.0,75,
235,94575,129,80171,,32,
236,94575,129,10292,,72,
237,94576,131,10258,,62,
238,94576,127,10174,,85,
239,94577,134,10117,10147.0,41,
240,94577,134,10493,10126.0,60,
241,94577,134,10129,10147.0,86,
242,94577,134,10149,10126.0,90,3.0
243,94578,119,10483,,22,
244,94578,130,10502,10481.0,71,
245,94579,126,9971,9955.0,49,
246,94579,126,9969,9955.0,53,
247,94579,126,10108,,56,
248,94579,126,9962,9949.0,90,1.0
249,94580,124,10321,,45,2.0
250,94580,133,10553,10579.0,67,
251,94580,133,10573,,76,
252,94582,134,10123,,30,
253,94582,134,10135,10142.0,77,
254,94584,120,10069,10057.0,14,
255,94584,127,30408,500.0,35,
256,94584,127,10174,,54,
257,94584,120,10072,,67,
258,94584,127,10180,500.0,74,
259,94585,126,9946,9959.0,20,
260,94585,124,10328,,36,
261,94585,126,9946,,90,7.0
262,94586,154,10237,,40,
263,94586,131,10254,,67,
264,94586,131,10244,10241.0,71,
265,94586,131,10230,10258.0,81,
266,94588,119,10397,10392.0,39,
267,94589,133,10574,10567.0,3,
268,94589,121,9926,,15,
269,94590,128,2519,,9,
270,94590,145,10525,80312.0,28,
271,94590,128,10000,2454.0,33,
272,94590,128,9989,9985.0,78,
273,94591,126,9962,9964.0,40,
274,94592,1062,9886,9894.0,45,1.0
275,94592,1062,9883,,90,2.0
276,94593,120,10067,10068.0,19,
277,94593,120,10052,10048.0,50,
278,94594,118,10041,10015.0,20,
279,94594,118,10041,,31,
280,94594,118,10041,10040.0,45,6.0
281,94595,129,80166,10292.0,15,
282,94595,129,10003,10275.0,18,
283,94595,154,10287,,45,2.0
284,94596,131,10237,10252.0,13,
285,94596,121,9929,9934.0,48,
286,94597,124,10328,10316.0,58,
287,94597,124,1065,,68,
288,94597,119,10387,,90,2.0
289,94598,130,10485,10501.0,9,
290,94598,132,10222,,12,
291,94598,130,2414,10498.0,26,
292,94598,132,10203,10390.0,34,
293,94598,132,10006,10207.0,60,
294,94598,130,10507,10502.0,80,
295,94599,128,10000,2454.0,9,
296,94599,128,9991,10000.0,15,
297,94599,128,9992,,37,
298,94599,128,10004,10000.0,52,
299,94599,128,2454,,68,
300,94599,128,2454,10506.0,81,
301,94599,151,10362,10359.0,90,1.0
302,94601,1062,9880,,42,
303,94601,1062,9894,9888.0,51,
304,94601,124,9970,10329.0,88,
305,94602,145,10526,10544.0,23,
306,94602,135,10106,,62,
307,94602,145,10368,,74,
308,94602,135,10103,10105.0,90,3.0
309,94603,134,10493,,16,
310,94603,120,10073,,31,
311,94603,120,10072,,77,
312,94604,129,80166,10275.0,45,6.0
313,94604,129,10003,50532.0,57,
314,94604,129,80166,,61,
315,94604,132,9726,10203.0,89,
316,94604,129,80166,10003.0,90,
317,94605,154,10416,10287.0,5,
318,94605,154,10436,10438.0,37,
319,94606,127,10173,2612.0,29,
320,94606,130,10484,,45,6.0
321,94606,127,2612,,50,
322,94606,127,10168,10173.0,90,2.0
323,94607,133,10564,10281.0,22,
324,94609,121,9939,,13,
325,94609,118,10041,,53,
326,94609,121,9939,,58,
327,94609,118,10041,,85,
328,94610,128,10004,,44,
329,94610,126,9972,9959.0,49,
330,94610,126,9946,,57,
331,94610,126,9972,,72,
332,94610,128,10108,,86,
333,94611,134,10142,10150.0,38,
334,94612,151,10343,10340.0,34,
335,94612,118,9927,,71,
336,94613,132,10222,,73,
337,94614,131,10254,10244.0,42,
338,94614,131,10331,,56,
339,94615,135,10104,10098.0,44,
340,94615,135,10098,10104.0,47,
341,94616,150,9963,41277.0,79,
342,94617,119,10398,,66,
343,94618,121,9939,9923.0,14,
344,94618,130,50081,10323.0,88,
345,94619,126,256,10108.0,40,
346,94620,127,10180,2612.0,42,
347,94620,127,10174,,51,
348,94620,133,10553,10581.0,58,
349,94620,127,10174,,62,
350,94620,127,2612,,83,
351,94621,118,10041,10015.0,20,
352,94622,145,70796,10544.0,60,
353,94622,131,10261,,77,
354,94624,127,46792,10175.0,22,
355,94624,127,10174,10175.0,35,
356,94624,127,2612,500.0,90,7.0
357,94625,135,10104,,11,
358,94625,150,10450,10463.0,90,4.0
359,94626,119,10404,10398.0,12,
360,94626,151,10364,10362.0,71,
361,94626,151,10344,,90,6.0
362,94627,130,10502,10492.0,4,
363,94627,134,10143,10142.0,48,
364,94627,130,10492,10484.0,52,
365,94628,121,1793,,9,
366,94628,121,1793,9939.0,58,
367,94628,121,1793,9916.0,63,
368,94629,128,10506,10004.0,2,
369,94629,128,9985,,10,
370,94629,128,10004,9985.0,32,
371,94629,154,10437,,60,
372,94629,154,10437,10419.0,68,
373,94629,154,10413,,90,5.0
374,94630,133,70299,10553.0,57,
375,94630,133,10569,10552.0,81,
376,94631,134,10133,,45,4.0
377,94632,118,10039,,86,
378,94633,128,10195,,39,
379,94634,131,10257,10241.0,89,
380,94635,135,106485,10105.0,80,
381,94636,127,10174,2612.0,11,
382,94636,127,2612,10180.0,38,
383,94636,127,10174,,61,
384,94637,145,10525,,87,
385,94638,154,10420,10413.0,25,
386,94638,154,10434,9940.0,59,
387,94639,119,10395,10406.0,44,
388,94639,119,10387,10402.0,53,
389,94639,120,10072,10048.0,62,
390,94639,119,10402,10395.0,83,
391,94639,120,10048,10054.0,90,5.0
392,94641,127,10174,10166.0,11,
393,94641,127,46792,10168.0,32,
394,94641,127,10166,10174.0,53,
395,94642,120,10072,,45,
396,94642,120,10067,10071.0,66,
397,94642,1062,47552,9886.0,90,3.0
398,94643,131,10268,,23,
399,94643,131,10261,,37,
400,94643,129,80166,10275.0,59,
401,94643,129,10292,,90,2.0
402,94644,130,10507,10484.0,18,
403,94644,130,10501,2414.0,28,
404,94644,135,10104,,37,
405,94644,130,2414,10494.0,64,
406,94644,130,2414,10491.0,77,
407,94645,150,9687,9963.0,40,
408,94645,150,9963,9298.0,90,4.0
409,94646,124,10329,9970.0,86,
410,94647,151,10344,10352.0,20,
411,94647,121,9936,9926.0,81,
412,94647,121,9926,9933.0,90,11.0
413,94648,119,10406,,77,
414,94649,134,10149,10493.0,42,
415,94649,128,10000,,90,1.0
416,94650,118,10015,,56,
417,94650,118,10041,10024.0,61,
418,94651,145,140452,10514.0,14,
419,94652,119,10400,,29,
420,94652,119,10403,10406.0,53,
421,94652,119,10400,10384.0,64,
422,94652,1062,9889,2492.0,88,
423,94653,154,9940,10434.0,10,
424,94653,118,10041,,14,
425,94655,133,10575,10281.0,45,2.0
426,94655,132,10006,10208.0,73,
427,94655,133,70299,,75,
428,94656,127,10174,10168.0,44,
429,94657,124,10311,10319.0,40,
430,94658,130,10491,2414.0,29,
431,94658,130,2414,10501.0,32,
432,94658,130,10501,10480.0,45,
433,94659,121,9921,1793.0,45,1.0
434,94660,150,9324,10272.0,55,
435,94660,126,9946,9945.0,87,
436,94662,126,9959,9969.0,37,
437,94662,120,10068,10062.0,45,1.0
438,94662,126,9976,2571.0,90,2.0
439,94663,131,10261,,44,
440,94663,118,10041,,64,
441,94663,131,10258,10244.0,75,
442,94664,127,10174,30408.0,7,
443,94664,135,10098,,38,
444,94664,127,2612,10173.0,67,
445,94665,150,10446,10450.0,64,
446,94666,121,9936,,48,
447,94667,151,10364,,12,
448,94667,151,10344,10349.0,66,
449,94667,151,10348,80653.0,89,
450,94668,119,10395,,86,
451,94669,130,10502,,55,
452,94669,130,10500,2414.0,87,
453,94669,130,2414,10501.0,90,3.0
454,94670,134,10117,9700.0,49,
455,94670,133,10552,,69,
456,94671,154,10437,,11,
457,94671,134,10150,10143.0,32,
458,94671,134,10133,10129.0,45,3.0
459,94671,134,10129,10133.0,61,
460,94671,134,10142,,90,4.0
461,94672,1062,44494,9872.0,60,
462,94672,133,10578,,67,
463,94672,133,10564,10578.0,90,4.0
464,94673,118,10040,10013.0,24,
465,94673,118,10042,10040.0,63,
466,94675,131,10230,10258.0,63,
467,94676,127,10174,,20,
468,94676,119,10387,10395.0,49,
469,94676,127,2612,500.0,56,
470,94676,127,10180,2612.0,74,
471,94677,128,2454,9995.0,40,
472,94677,124,9991,,45,3.0
473,94678,130,10507,,4,
474,94678,130,50081,10502.0,14,
475,94678,130,10502,10507.0,38,
476,94678,130,10323,10502.0,45,1.0
477,94678,130,10480,,64,
478,94678,130,10505,2414.0,70,
479,94678,145,10531,,86,
480,94679,121,1793,9939.0,6,
481,94679,121,9936,9921.0,11,
482,94679,121,9921,9905.0,29,
483,94679,121,2502,9929.0,45,2.0
484,94679,150,10450,10272.0,52,
485,94679,121,1793,9918.0,75,
486,94679,121,9921,9939.0,83,
487,94679,150,10290,,88,
488,94680,151,10359,10364.0,16,
489,94681,132,10006,10193.0,31,
490,94681,134,10133,,57,
491,94682,129,80166,,43,
492,94682,1062,44494,,54,
493,94682,1062,9899,9863.0,81,
494,94683,118,10042,10041.0,25,
495,94683,118,10015,10042.0,27,
496,94684,131,10243,10254.0,59,
497,94686,124,9970,10328.0,7,
498,94686,124,10316,10328.0,50,
499,94686,130,69198,106510.0,75,
500,94687,154,10052,,61,
501,94688,151,10196,10364.0,62,
502,94689,119,10388,10402.0,28,
503,94689,121,9936,,58,
504,94690,128,10000,,35,
505,94690,128,10004,19420.0,57,
506,94691,134,10142,10493.0,57,
507,94691,134,10129,10493.0,65,
508,94691,118,10044,10015.0,76,
509,94692,124,10328,10305.0,35,
510,94693,151,10364,,27,
511,94694,127,10180,10177.0,35,
512,94695,119,10396,10402.0,10,
513,94695,135,10104,,63,
514,94696,150,10290,9324.0,14,
515,94696,145,140452,80312.0,48,
516,94696,150,9963,,71,
517,94696,150,10450,41277.0,90,5.0
518,94698,1062,9883,9874.0,45,3.0
519,94698,121,9939,9926.0,83,
520,94699,126,9976,256.0,14,
521,94699,154,10437,,39,
522,94699,126,9967,9971.0,79,
523,94700,128,9999,19420.0,50,
524,94703,120,10051,10052.0,32,
525,94703,120,10068,,65,
526,94703,151,10052,,77,
527,94703,120,10071,10076.0,81,
528,94704,131,12744,10258.0,16,
529,94704,134,10129,10493.0,24,
530,94704,134,10130,,32,
531,94704,131,10254,10261.0,45,3.0
532,94706,150,9963,,66,
533,94707,127,10173,10177.0,37,
534,94707,1062,9883,9886.0,51,
535,94707,127,10177,46792.0,61,
536,94707,127,10166,10177.0,76,
537,94708,154,10437,,50,
538,94708,154,10437,10417.0,81,
539,94709,130,10485,10502.0,35,
540,94709,130,10498,,42,
541,94709,129,10279,10271.0,44,
542,94710,128,9992,10000.0,14,
543,94710,128,10506,,17,
544,94711,127,10180,,45,
545,94711,127,10180,10163.0,90,1.0
546,94712,130,10484,10500.0,34,
547,94712,130,10498,,44,
548,94712,1062,47552,,45,4.0
549,94712,130,10500,10505.0,47,
550,94712,130,10501,10323.0,90,4.0
551,94713,129,77665,10275.0,90,
552,94714,135,10090,10104.0,4,
553,94714,132,10390,,90,5.0
554,94715,124,9970,,20,
555,94715,124,10320,,45,
556,94716,151,10364,10355.0,44,
557,94718,121,9924,9926.0,15,
558,94719,126,9946,,66,
559,94720,133,10581,,68,
560,94721,119,10388,,22,
561,94721,119,10397,10382.0,85,
562,94722,135,10098,10096.0,58,
563,94723,150,9687,10272.0,34,
564,94723,1062,9863,,69,
565,94723,1062,9899,9876.0,85,
566,94723,150,9963,,89,
567,94724,124,10303,,4,
568,94724,134,10117,10128.0,45,3.0
569,94724,134,10117,10143.0,71,
570,94725,154,10416,,61,
571,94725,127,10174,,83,
572,94725,127,10166,10176.0,90,
573,94726,131,10260,10257.0,11,
574,94726,151,10364,10348.0,37,
575,94726,151,10359,10349.0,71,
576,94726,131,10257,,90,7.0
577,94727,118,10039,,90,1.0
578,94728,121,9929,9939.0,90,9.0
579,94729,129,50532,77669.0,18,
580,94729,128,10004,10000.0,56,
581,94729,128,9992,10000.0,84,
582,94730,133,143368,10578.0,8,
583,94730,133,10575,10574.0,18,
584,94730,120,10052,10048.0,22,
585,94731,134,10142,1977.0,7,
586,94731,121,9934,9936.0,41,
587,94732,1062,9899,,2,
588,94732,1062,9866,44494.0,22,
589,94733,118,10040,10035.0,76,
590,94733,129,10265,10292.0,86,
591,94733,129,10265,77669.0,90,4.0
592,94734,120,10448,,16,
593,94734,150,10290,,67,
594,94734,120,10078,10051.0,69,
595,94735,132,10222,10390.0,23,
596,94735,132,41247,,30,
597,94735,151,64046,,49,
598,94735,151,10344,,85,
599,94736,131,2411,,34,
600,94736,135,10104,,38,
601,94736,135,10097,,71,
602,94737,127,10180,10157.0,4,
603,94737,127,30408,10166.0,66,
604,94738,130,10483,10484.0,10,
605,94738,154,10437,10438.0,35,
606,94738,154,10434,10437.0,41,
607,94739,133,10574,,53,
608,94740,126,2571,256.0,51,
609,94741,151,80277,10364.0,45,1.0
610,94741,134,10124,,48,
611,94741,134,10143,10135.0,54,
612,94741,134,1977,,62,
613,94741,134,10150,10143.0,90,4.0
614,94742,121,9934,9918.0,54,
615,94742,145,10525,,79,
616,94742,121,9926,,86,
617,94743,119,10401,10404.0,50,
618,94743,119,10404,,53,
619,94743,118,10040,10031.0,71,
620,94743,119,10401,10387.0,74,
621,94743,118,9912,9927.0,86,
622,94744,133,10578,10240.0,18,
623,94744,129,77665,,81,
624,94746,135,2485,10096.0,80,
625,94746,154,10437,,83,
626,94747,127,2612,10168.0,9,
627,94748,132,10222,10192.0,27,
628,94748,124,10322,10320.0,52,
629,94749,130,10498,10323.0,12,
630,94749,130,10492,,71,
631,94749,130,2414,,80,
632,94750,126,9967,9971.0,51,
633,94750,126,9962,9967.0,57,
634,94751,132,41247,10192.0,6,
635,94751,132,10222,,50,
636,94752,154,9832,,23,
637,94752,145,10582,10529.0,51,
638,94752,154,10438,10416.0,52,
639,94752,154,10437,,89,
640,94753,135,10085,10098.0,26,
641,94753,135,10097,10093.0,90,7.0
642,94754,129,77665,10275.0,14,
643,94754,129,80171,77665.0,90,2.0
644,94755,150,10450,9963.0,25,
645,94755,131,10244,,45,
646,94755,150,10290,10449.0,80,
647,94756,127,10174,,55,
648,94756,127,10156,10180.0,63,
649,94756,151,80277,10364.0,77,
650,94756,151,10364,10344.0,90,4.0
651,94757,119,10395,10401.0,11,
652,94757,134,10143,10117.0,22,
653,94758,121,9921,,12,
654,94758,121,9929,9939.0,42,
655,94758,121,9926,9932.0,57,
656,94759,128,10000,,54,
657,94760,133,12965,,9,
658,94760,130,10500,50081.0,33,
659,94760,130,2414,10499.0,54,
660,94760,130,10323,,68,
661,94761,134,10142,10119.0,82,
662,94762,126,9945,256.0,7,
663,94762,126,9962,9971.0,24,
664,94762,126,9971,41.0,80,
665,94763,118,10044,,66,
666,94763,135,10103,10098.0,74,
667,94764,127,10180,,45,1.0
668,94764,127,10180,30408.0,45,2.0
669,94764,127,10180,2612.0,46,
670,94764,131,10241,10244.0,52,
671,94764,127,10177,10173.0,67,
672,94766,154,10427,10434.0,15,
673,94766,1062,9865,,24,
674,94766,154,10427,10287.0,28,
675,94766,1062,9876,9881.0,86,
676,94767,151,80277,,90,1.0
677,94767,151,10355,,90,4.0
678,94768,130,10485,10501.0,34,
679,94768,130,10490,10500.0,78,
680,94769,121,9932,,17,
681,94770,128,10004,9991.0,3,
682,94770,128,10506,10000.0,13,
683,94770,120,10078,10048.0,34,
684,94770,128,2454,10506.0,68,
685,94770,128,2454,10004.0,69,
686,94772,1062,9881,,54,
687,94772,1062,9889,,90,4.0
688,94773,128,10004,,9,
689,94773,128,10506,10004.0,24,
690,94773,145,10525,,35,
691,94774,132,41247,10199.0,14,
692,94774,118,10035,9927.0,85,
693,94775,127,10178,10180.0,89,
694,94776,129,80166,10267.0,42,
695,94776,129,80171,,88,
696,94777,154,10438,10416.0,34,
697,94777,131,10254,10244.0,37,
698,94777,131,10242,10260.0,48,
699,94777,154,10435,10416.0,52,
700,94777,131,10254,10258.0,72,
701,94778,130,10507,2414.0,8,
702,94778,150,10458,,90,
703,94778,130,10445,,90,3.0
704,94779,124,10307,10320.0,37,
705,94779,124,10322,10316.0,40,
706,94780,121,9918,,12,
707,94780,133,9917,,18,
708,94780,121,1793,,77,
709,94781,120,10523,,13,
710,94781,120,10072,,88,
711,94782,130,10323,50081.0,3,
712,94784,133,10281,10581.0,26,
713,94784,133,10558,10552.0,67,
714,94784,133,10446,,81,
715,94785,118,10173,,39,
716,94785,127,10166,10174.0,54,
717,94785,127,10180,10174.0,72,
718,94785,127,10174,,87,
719,94786,154,10437,10434.0,13,
720,94787,128,2454,,25,
721,94787,128,10506,2454.0,60,
722,94787,128,2454,10506.0,73,
723,94788,119,10400,,35,
724,94788,119,10400,10377.0,39,
725,94788,124,695,,72,
726,94789,131,10236,,90,2.0
727,94789,121,9921,,90,4.0
728,94790,134,10142,10147.0,90,
729,94791,134,10493,10143.0,59,
730,94792,118,10039,,45,2.0
731,94792,121,9933,9932.0,71,
732,94793,132,10222,10192.0,82,
733,94796,124,9865,,16,
734,94796,1062,47552,9881.0,89,
735,94797,154,10287,,34,
736,94797,154,10413,10437.0,49,
737,94797,154,9832,10287.0,54,
738,94798,127,10174,,37,
739,94799,128,10000,,8,
740,94799,126,256,9962.0,55,
741,94800,133,12965,,35,
742,94800,151,10558,,90,7.0
743,94801,134,10147,,87,
744,94802,132,10222,9726.0,77,
745,94803,120,10072,10067.0,19,
746,94804,126,9962,41.0,45,1.0
747,94804,129,77669,80171.0,90,6.0
748,94805,124,10328,10322.0,50,
749,94806,127,10168,10174.0,1,
750,94806,133,10574,10281.0,34,
751,94806,133,10581,,38,
752,94806,127,10552,,45,5.0
753,94806,133,10564,10578.0,52,
754,94806,127,10180,2612.0,65,
755,94806,127,10180,10174.0,80,
756,94806,133,10575,10558.0,90,3.0
757,94807,151,80277,10359.0,8,
758,94807,151,10364,10359.0,12,
759,94807,118,10041,10042.0,59,
760,94807,151,10353,10340.0,71,
761,94807,118,374,10031.0,77,
762,94807,151,10346,,79,
763,94807,118,10044,10031.0,90,1.0
764,94808,154,10434,10438.0,8,
765,94808,119,10401,10382.0,43,
766,94808,154,10413,,72,
767,94808,119,10401,10404.0,83,
768,94809,130,2414,,69,
769,94809,121,9921,,83,
770,94809,130,10500,10495.0,90,4.0
771,94810,135,2485,10098.0,14,
772,94810,128,10004,19420.0,23,
773,94810,128,10506,10000.0,60,
774,94810,128,2454,10000.0,65,
775,94810,128,9987,19420.0,90,
776,94811,134,10119,10143.0,33,
777,94811,134,10133,,64,
778,94812,1062,9880,,54,
779,94812,118,10042,10031.0,64,
780,94813,120,10064,10068.0,53,
781,94814,131,10257,10258.0,22,
782,94814,131,10242,10257.0,52,
783,94814,131,10254,2411.0,87,
784,94815,150,9341,,43,
785,94816,129,80166,80474.0,27,
786,94816,127,10180,,65,
787,94816,127,10180,2612.0,74,
788,94816,127,10180,,85,
789,94816,127,10177,10168.0,90,1.0
790,94817,124,10322,,38,
791,94818,154,10436,,50,
792,94818,154,10434,,65,
793,94818,128,10000,9987.0,69,
794,94819,151,80277,,14,
795,94819,151,10364,10352.0,72,
796,94819,119,10401,10391.0,78,
797,94820,126,9971,9976.0,6,
798,94821,1062,9880,9881.0,19,
799,94821,131,10260,,20,
800,94821,1062,9876,,74,
801,94822,124,10322,10305.0,36,
802,94822,145,10525,,90,3.0
803,94823,119,10401,,84,
804,94824,129,80171,,88,
805,94824,134,10117,10131.0,90,4.0
806,94825,118,10041,10033.0,32,
807,94825,150,10028,10458.0,55,
808,94825,118,10039,10040.0,86,
809,94826,154,10416,10287.0,16,
810,94826,154,10434,10436.0,26,
811,94826,151,80277,10364.0,43,
812,94827,130,10323,,56,
813,94827,130,10501,,58,
814,94827,130,10323,10498.0,62,
815,94828,127,2612,10174.0,4,
816,94828,127,10174,2612.0,45,1.0
817,94828,127,10174,30408.0,46,
818,94828,121,9925,9926.0,84,
819,94829,128,9991,19420.0,8,
820,94829,128,19420,10506.0,49,
821,94830,133,12965,10571.0,10,
822,94831,134,10150,10143.0,47,
823,94832,1062,9890,9880.0,41,
824,94832,1062,9899,9865.0,68,
825,94833,118,10041,,45,
826,94833,133,10574,143367.0,85,
827,94834,131,10257,10258.0,81,
828,94835,132,10203,9726.0,2,
829,94835,132,10006,10197.0,59,
830,94835,132,42100,10214.0,79,
831,94836,127,2612,10178.0,11,
832,94836,145,10544,70796.0,22,
833,94836,127,10171,,37,
834,94836,127,10174,2612.0,39,
835,94836,127,10178,2612.0,57,
836,94836,127,10166,10171.0,84,
837,94836,127,10166,500.0,89,
838,94838,130,106510,10500.0,67,
839,94838,130,10500,,85,
840,94839,121,9932,9918.0,22,
841,94839,151,80277,,27,
842,94839,121,9939,9932.0,34,
843,94839,121,180235,9931.0,70,
844,94839,121,9939,180235.0,82,
845,94839,121,180235,9939.0,90,
846,94840,126,9971,9967.0,16,
847,94840,126,9962,9971.0,49,
848,94840,119,10404,,70,
849,94842,120,10204,10077.0,39,
850,94842,129,80166,,66,
851,94843,124,152856,9970.0,8,
852,94843,124,152856,10322.0,28,
853,94843,131,10257,10234.0,63,
854,94844,121,9932,9920.0,58,
855,94844,121,9939,9921.0,84,
856,94845,126,9969,80552.0,11,
857,94845,126,9949,,14,
858,94845,150,9331,,44,
859,94846,154,10434,10427.0,13,
860,94846,118,10040,,33,
861,94846,154,10413,10427.0,78,
862,94847,151,80277,10340.0,4,
863,94847,130,69198,,23,
864,94847,130,80536,106510.0,37,
865,94847,151,80277,10340.0,45,
866,94847,151,10348,80277.0,65,
867,94848,1062,44494,47552.0,6,
868,94848,119,10401,,82,
869,94848,119,10377,10391.0,90,8.0
870,94849,128,10506,2454.0,15,
871,94849,128,10000,,23,
872,94849,128,10004,2454.0,63,
873,94849,128,10000,9988.0,85,
874,94850,133,10581,,84,
875,94850,132,10208,53958.0,90,3.0
