Iddojogador,Nomedojogador,Iddotimerodada1,Iddotimerodada2,Iddotimerodada3,Iddotimerodada4,Iddotimerodada5,Iddotimerodada6,Iddotimerodada7,Iddotimerodada8,Iddotimerodada9,Iddotimerodada10,Iddotimerodada11,Iddotimerodada12,Iddotimerodada13,Iddotimerodada14,Iddotimerodada15,Iddotimerodada16,Iddotimerodada17,Iddotimerodada18,Iddotimerodada19,Iddotimerodada20,Iddotimerodada21,Iddotimerodada22,Iddotimerodada23,Iddotimerodada24,Iddotimerodada25,Iddotimerodada26,Iddotimerodada27,Iddotimerodada28,Iddotimerodada29,Iddotimerodada30,Iddotimerodada31,Iddotimerodada32,Iddotimerodada33,Iddotimerodada34,Iddotimerodada35,Iddotimerodada36,Iddotimerodada37,Iddotimerodada38
10112,Santos,134,134,134,-1,134,134,134,134,134,-1,134,134,-1,134,134,134,-1,-1,134,134,134,134,-1,-1,134,-1,134,134,134,134,134,-1,134,134,134,134,-1,-1
10123,Jonathan,134,-1,-1,-1,-1,-1,-1,-1,134,-1,134,-1,-1,-1,-1,-1,-1,-1,-1,-1,-1,-1,-1,-1,-1,-1,-1,-1,-1,-1,-1,-1,-1,134,-1,134,-1,-1
10121,Thiago Heleno,134,-1,-1,-1,-1,-1,-1,-1,-1,-1,-1,-1,-1,-1,-1,-1,-1,-1,-1,-1,-1,134,134,134,-1,134,134,134,134,134,134,134,-1,134,134,134,134,-1
10124,Léo Pereira,134,134,134,-1,134,134,134,134,134,-1,134,134,-1,134,134,-1,134,-1,134,134,134,134,134,134,134,134,134,134,134,134,-1,-1,134,134,-1,134,-1,-1
10122,Renan Lodi,134,-1,134,-1,-1,-1,-1,-1,-1,-1,-1,-1,-1,-1,-1,-1,-1,-1,-1,-1,-1,-1,-1,-1,-1,-1,-1,-1,-1,-1,-1,-1,-1,-1,-1,-1,-1,-1
10131,Camacho,134,-1,-1,-1,-1,-1,-1,-1,-1,-1,-1,-1,-1,-1,-1,-1,-1,-1,-1,-1,-1,-1,-1,-1,-1,-1,-1,-1,134,-1,134,134,-1,134,134,134,134,-1
10133,Nikão,134,-1,134,-1,-1,134,134,-1,134,-1,134,134,-1,-1,-1,134,-1,-1,-1,134,134,134,-1,-1,-1,-1,134,134,134,134,134,134,134,134,-1,-1,-1,-1
10135,Bruno Guimarães,134,-1,134,-1,-1,134,134,134,134,-1,134,134,-1,134,134,134,-1,-1,134,134,134,134,-1,-1,134,134,134,134,134,134,-1,-1,134,-1,-1,-1,-1,-1
10127,T. Andrade,134,-1,-1,134,-1,-1,-1,-1,-1,-1,-1,-1,134,-1,-1,-1,-1,-1,-1,-1,-1,-1,-1,-1,-1,-1,-1,-1,-1,-1,-1,-1,-1,-1,-1,-1,134,-1
10150,M. Ruben,134,-1,134,-1,-1,134,-1,134,134,-1,134,-1,-1,134,-1,134,-1,-1,134,134,-1,-1,-1,-1,-1,134,134,134,134,134,-1,-1,134,-1,134,134,-1,-1
10143,Rony,134,-1,134,-1,-1,134,134,134,134,-1,134,134,-1,134,134,134,-1,-1,134,134,134,134,134,134,134,134,134,134,134,134,134,134,-1,134,-1,134,-1,-1
10549,Alexander,133,-1,-1,-1,-1,-1,-1,-1,-1,-1,-1,-1,-1,-1,-1,-1,-1,-1,-1,-1,-1,-1,-1,-1,-1,-1,-1,-1,-1,-1,-1,-1,-1,-1,-1,-1,-1,-1
10550,Werley,133,-1,-1,133,133,133,-1,-1,-1,-1,-1,-1,-1,-1,-1,-1,-1,-1,-1,-1,133,-1,-1,-1,-1,-1,-1,-1,-1,-1,-1,-1,-1,-1,-1,133,-1,-1
10551,R. Cáceres,133,-1,-1,-1,-1,-1,-1,-1,-1,-1,-1,-1,133,133,-1,-1,-1,133,-1,-1,-1,-1,-1,-1,-1,-1,-1,-1,-1,-1,-1,133,-1,-1,-1,133,-1,-1
10552,Danilo Barcelos,133,133,133,-1,133,133,133,133,133,-1,-1,-1,-1,-1,-1,133,-1,133,133,-1,133,133,133,-1,-1,-1,-1,-1,-1,133,133,133,133,-1,-1,-1,-1,-1
10559,Ricardo Graça,133,133,133,133,133,133,133,133,133,-1,-1,-1,-1,-1,-1,133,-1,-1,-1,-1,-1,-1,133,-1,-1,-1,133,133,-1,-1,133,133,133,-1,-1,133,-1,-1
10557,Miranda,133,-1,-1,-1,-1,-1,-1,-1,-1,-1,-1,-1,-1,-1,-1,-1,-1,-1,-1,-1,-1,-1,-1,-1,-1,-1,-1,-1,-1,-1,-1,-1,-1,-1,-1,-1,-1,-1
10581,Yago Pikachu,133,133,133,133,133,133,133,133,133,133,133,133,133,133,133,133,133,-1,133,133,133,133,133,133,133,133,133,133,133,133,133,-1,133,133,133,133,133,-1
10565,Lucas Mineiro,133,133,133,133,133,133,-1,-1,-1,-1,-1,-1,-1,133,-1,-1,-1,-1,-1,-1,-1,-1,-1,-1,-1,-1,-1,-1,-1,-1,-1,-1,-1,-1,-1,-1,-1,-1
10281,Raul,133,133,133,-1,133,-1,133,133,133,133,133,133,133,133,133,133,133,133,133,133,133,-1,133,-1,-1,-1,-1,133,-1,133,133,133,133,133,-1,133,133,-1
10576,M. López,133,133,133,133,-1,-1,-1,-1,-1,-1,-1,-1,-1,-1,-1,-1,-1,-1,-1,-1,-1,-1,-1,-1,-1,-1,-1,-1,-1,-1,-1,-1,-1,-1,-1,-1,-1,-1
10574,Marrony,133,-1,133,133,133,133,133,133,-1,133,133,133,133,-1,133,133,133,-1,-1,133,-1,133,-1,133,133,133,133,133,133,133,-1,133,133,133,133,133,133,-1
9859,Victor,1062,1062,1062,1062,1062,1062,1062,1062,-1,-1,-1,-1,-1,-1,-1,-1,-1,-1,-1,-1,-1,-1,-1,-1,-1,-1,-1,-1,-1,-1,-1,-1,-1,-1,-1,-1,1062,-1
9876,Fábio Santos,1062,1062,1062,-1,1062,1062,1062,1062,-1,-1,1062,1062,1062,1062,-1,1062,1062,1062,-1,1062,1062,1062,1062,-1,1062,1062,1062,1062,-1,1062,1062,1062,1062,1062,1062,-1,-1,-1
9866,Leonardo Silva,1062,-1,-1,-1,1062,-1,-1,-1,1062,-1,-1,-1,-1,-1,1062,-1,-1,1062,1062,-1,-1,1062,1062,-1,1062,1062,1062,1062,-1,-1,-1,-1,1062,-1,-1,-1,1062,-1
9868,Iago Maidana,1062,-1,-1,-1,-1,-1,-1,-1,1062,-1,-1,-1,-1,-1,-1,-1,-1,-1,-1,1062,-1,1062,1062,-1,-1,-1,-1,-1,-1,-1,-1,-1,1062,-1,-1,-1,1062,-1
9874,Guga,1062,1062,1062,1062,-1,-1,-1,-1,1062,1062,-1,-1,-1,1062,1062,-1,-1,-1,1062,-1,-1,1062,-1,-1,1062,1062,1062,1062,1062,-1,-1,-1,-1,-1,-1,1062,1062,-1
9892,Adílson,1062,-1,1062,-1,-1,1062,-1,1062,-1,-1,-1,-1,-1,-1,-1,-1,-1,-1,-1,-1,-1,-1,-1,-1,-1,-1,-1,-1,-1,-1,-1,-1,-1,-1,-1,-1,-1,-1
9888,Elias,1062,1062,1062,1062,-1,1062,1062,1062,-1,1062,1062,1062,1062,1062,-1,1062,1062,1062,-1,1062,1062,1062,1062,1062,1062,1062,-1,1062,-1,1062,-1,-1,-1,-1,-1,-1,-1,-1
9899,Luan,1062,-1,1062,1062,1062,1062,1062,1062,-1,-1,-1,-1,-1,-1,1062,-1,-1,-1,-1,1062,1062,1062,-1,1062,1062,1062,1062,1062,1062,1062,1062,1062,1062,1062,1062,-1,-1,-1
2492,Y. Chará,1062,1062,1062,1062,1062,1062,1062,1062,-1,-1,1062,1062,1062,1062,-1,1062,1062,1062,-1,-1,1062,-1,-1,-1,-1,-1,-1,-1,-1,-1,-1,-1,-1,-1,-1,-1,-1,-1
9894,Ricardo Oliveira,1062,1062,1062,1062,1062,-1,1062,-1,1062,-1,-1,1062,1062,-1,-1,1062,1062,1062,-1,-1,-1,-1,1062,-1,-1,-1,-1,1062,-1,-1,-1,-1,-1,-1,-1,-1,-1,-1
9901,Geuvânio,1062,1062,1062,-1,-1,-1,-1,-1,1062,1062,-1,-1,-1,-1,1062,-1,-1,-1,1062,-1,-1,-1,-1,-1,-1,-1,-1,-1,1062,-1,-1,-1,-1,-1,-1,-1,-1,-1
10508,Vladimir,145,145,145,145,145,145,145,145,145,145,-1,145,145,145,145,145,145,145,145,145,-1,145,145,145,145,145,145,145,145,-1,145,145,145,145,145,145,-1,-1
10513,Betão,145,145,145,145,-1,145,145,145,145,145,145,145,145,145,145,-1,-1,145,145,145,145,145,145,145,145,145,145,-1,145,145,145,-1,-1,-1,-1,-1,-1,-1
10517,Marquinhos Silva,145,145,-1,-1,145,-1,-1,-1,-1,-1,145,145,145,145,145,145,145,-1,-1,-1,-1,-1,-1,-1,-1,-1,145,-1,-1,-1,-1,145,145,145,145,145,145,-1
10522,Paulinho Oliveira,145,145,-1,-1,-1,-1,-1,-1,-1,-1,-1,-1,145,-1,-1,-1,-1,-1,-1,-1,-1,-1,-1,-1,145,145,-1,-1,-1,-1,-1,-1,-1,-1,-1,-1,-1,-1
10514,Matheus Barbosa,145,-1,-1,145,145,145,-1,145,-1,-1,-1,-1,-1,-1,-1,-1,-1,145,145,145,145,-1,-1,145,145,145,-1,-1,-1,-1,-1,-1,145,-1,-1,-1,-1,-1
10518,Iury,145,145,145,-1,-1,-1,-1,-1,-1,-1,-1,-1,-1,145,-1,145,145,145,-1,145,-1,-1,145,-1,-1,-1,-1,-1,-1,-1,-1,-1,-1,-1,-1,-1,-1,-1
10534,J. Mosquera,145,-1,145,-1,-1,-1,-1,-1,-1,-1,-1,-1,-1,-1,-1,-1,-1,-1,-1,-1,-1,145,145,-1,-1,-1,-1,-1,-1,-1,-1,-1,-1,-1,-1,-1,-1,-1
10526,Pedro Castro,145,145,145,145,145,145,145,145,145,145,145,145,145,145,145,145,145,145,145,145,145,-1,-1,-1,-1,-1,-1,-1,145,145,145,145,-1,-1,-1,-1,145,-1
10531,Gegé,145,-1,-1,145,145,145,-1,145,-1,-1,-1,-1,-1,-1,-1,-1,-1,-1,-1,-1,-1,-1,-1,-1,-1,-1,-1,-1,145,-1,-1,-1,-1,-1,-1,-1,-1,-1
10525,João Paulo,145,145,145,145,145,145,145,-1,-1,-1,145,145,145,145,145,145,145,-1,-1,-1,-1,145,145,-1,-1,-1,-1,-1,-1,-1,145,-1,145,145,145,-1,145,-1
10545,Getúlio,145,145,145,-1,-1,-1,145,145,-1,-1,-1,-1,-1,-1,-1,-1,-1,-1,-1,-1,-1,-1,-1,-1,-1,-1,-1,-1,-1,-1,-1,-1,-1,-1,-1,-1,-1,-1
10010,Anderson,118,-1,-1,-1,-1,-1,-1,-1,-1,-1,-1,-1,-1,-1,-1,-1,-1,-1,-1,-1,-1,-1,-1,-1,-1,-1,-1,-1,-1,-1,-1,-1,-1,-1,-1,-1,-1,-1
10022,Ernando,118,118,118,118,118,118,118,-1,-1,-1,-1,-1,-1,-1,-1,-1,-1,-1,-1,-1,-1,-1,-1,-1,-1,-1,-1,-1,-1,-1,-1,-1,-1,-1,-1,-1,-1,-1
10015,Nino Paraíba,118,118,118,-1,118,118,118,118,-1,-1,-1,118,118,-1,118,118,118,118,118,118,118,118,118,-1,-1,118,118,118,118,118,118,-1,-1,118,-1,118,118,-1
10024,Lucas Fonseca,118,118,118,118,118,118,118,118,118,118,118,118,118,118,118,118,118,118,118,118,118,118,118,118,118,118,118,118,118,118,118,118,-1,-1,118,118,-1,-1
10013,Moisés,118,-1,-1,118,118,118,118,118,118,-1,118,118,118,118,-1,118,118,118,118,118,118,118,118,-1,-1,-1,-1,118,118,118,118,118,118,118,118,118,118,-1
10034,Elton,118,-1,-1,118,-1,118,118,118,118,-1,-1,-1,-1,-1,-1,-1,-1,-1,-1,-1,-1,-1,-1,-1,-1,-1,-1,-1,-1,-1,-1,-1,-1,-1,-1,-1,-1,-1
10031,Gregore,118,118,118,118,118,118,118,-1,-1,118,118,118,118,-1,118,118,118,118,118,118,118,118,118,118,118,118,118,118,-1,118,118,118,118,118,118,118,118,-1
10027,Ramires,118,118,118,-1,118,-1,-1,118,118,118,118,-1,-1,-1,-1,-1,-1,-1,-1,-1,-1,-1,-1,-1,-1,-1,-1,-1,-1,-1,-1,-1,-1,-1,-1,-1,-1,-1
10044,Fernandão,118,-1,118,-1,-1,118,118,118,118,-1,-1,-1,-1,118,-1,-1,-1,-1,-1,-1,-1,-1,118,-1,-1,-1,-1,-1,118,118,-1,-1,-1,-1,-1,-1,-1,-1
10039,Arthur Caike,118,118,-1,-1,118,-1,-1,118,118,118,-1,-1,-1,-1,-1,-1,-1,-1,-1,-1,-1,-1,-1,-1,-1,-1,-1,-1,-1,-1,-1,118,118,-1,-1,-1,-1,-1
10040,Artur,118,118,118,118,118,118,118,-1,118,118,118,118,-1,118,118,118,-1,118,118,118,118,118,118,-1,118,118,118,118,118,118,118,-1,-1,118,118,118,118,-1
10229,Cássio,131,131,131,131,131,131,-1,-1,131,131,131,131,131,-1,131,131,131,131,131,131,131,131,131,131,131,-1,131,131,131,-1,-1,131,131,131,131,131,131,-1
2411,Fágner,131,-1,131,131,131,131,-1,-1,131,131,-1,131,-1,131,-1,131,-1,131,131,131,131,131,131,131,131,131,-1,131,131,-1,-1,131,131,131,131,131,131,-1
10237,Manoel,131,-1,131,131,131,131,-1,131,131,131,131,131,131,131,131,131,131,-1,131,131,131,131,131,131,-1,-1,131,131,-1,131,131,131,131,131,131,131,-1,-1
10235,Pedro Henrique,131,131,-1,-1,-1,-1,-1,-1,134,134,134,134,134,134,-1,134,134,134,134,-1,-1,-1,-1,-1,134,-1,-1,-1,-1,-1,-1,-1,134,-1,-1,-1,134,-1
10238,Carlos Augusto,131,131,-1,-1,-1,131,-1,-1,-1,-1,-1,-1,-1,131,131,-1,-1,131,131,-1,-1,-1,-1,-1,131,-1,-1,-1,131,-1,-1,-1,-1,-1,131,131,131,-1
10243,Ralf,131,131,131,131,131,-1,131,131,131,-1,-1,-1,-1,-1,131,131,-1,-1,131,131,131,131,131,-1,131,131,131,131,131,-1,-1,131,-1,-1,-1,-1,-1,-1
10249,Ramiro,131,-1,131,131,-1,-1,-1,131,-1,-1,-1,-1,-1,-1,131,-1,-1,-1,131,-1,131,-1,131,-1,-1,-1,-1,-1,131,-1,131,-1,131,-1,-1,131,-1,-1
10252,J. Sornoza,131,-1,131,-1,131,-1,131,-1,131,131,-1,131,131,-1,131,-1,-1,-1,131,-1,131,131,-1,-1,131,131,-1,131,-1,-1,-1,131,-1,-1,-1,-1,-1,-1
10244,Pedrinho,131,-1,-1,-1,131,131,-1,-1,131,131,131,131,131,131,-1,131,-1,131,131,131,131,131,-1,-1,131,131,131,131,131,131,131,-1,131,131,131,-1,-1,-1
10254,M. Boselli,131,-1,131,-1,-1,131,-1,-1,-1,-1,131,-1,-1,131,131,-1,-1,-1,-1,-1,131,-1,131,131,-1,-1,131,-1,-1,131,131,131,-1,-1,-1,131,131,-1
10258,Clayson,131,-1,131,-1,131,131,131,131,131,131,-1,131,131,-1,-1,131,131,-1,131,131,131,131,131,131,-1,-1,-1,131,-1,-1,-1,-1,-1,131,131,-1,-1,-1
10264,Diogo Silva,129,129,129,-1,129,129,129,129,129,129,129,129,129,129,129,129,129,129,-1,129,129,129,129,129,129,129,129,129,129,129,129,129,129,129,129,129,129,-1
80185,Thiago Carleto,129,129,-1,-1,-1,-1,129,-1,-1,-1,-1,-1,-1,-1,-1,-1,-1,-1,-1,129,-1,-1,-1,-1,-1,-1,-1,-1,-1,-1,-1,-1,-1,-1,-1,-1,-1,-1
10271,Tiago Alves,129,129,129,-1,-1,-1,-1,-1,129,-1,-1,-1,-1,-1,129,129,129,129,129,129,129,129,129,129,129,129,-1,-1,-1,-1,-1,129,129,-1,-1,-1,-1,-1
10267,Samuel Xavier,129,129,129,129,129,129,129,129,129,129,129,129,-1,129,129,-1,129,129,-1,129,129,129,129,129,129,-1,129,129,129,129,129,129,129,129,-1,129,129,-1
10265,Luiz Otávio,129,129,129,129,129,129,129,129,-1,129,129,129,129,129,-1,-1,-1,-1,-1,-1,-1,-1,-1,129,129,129,129,129,-1,129,129,129,129,-1,129,129,129,-1
10275,Ricardinho,129,129,129,129,129,-1,129,129,129,129,129,129,129,129,129,-1,129,129,-1,129,129,129,-1,129,-1,129,129,129,-1,129,129,129,129,129,-1,129,129,-1
78045,Auremir,129,-1,129,-1,-1,-1,-1,-1,-1,-1,-1,-1,-1,-1,-1,-1,-1,-1,-1,-1,-1,-1,-1,-1,-1,-1,-1,-1,129,-1,-1,-1,-1,-1,-1,-1,129,-1
10279,Fabinho,129,129,129,129,129,129,129,129,129,-1,129,129,129,129,129,129,129,129,129,129,129,129,129,129,129,-1,129,129,129,129,129,129,129,129,129,129,-1,-1
10290,Ricardo Bueno,129,129,129,-1,-1,-1,-1,-1,150,150,150,-1,150,-1,-1,-1,-1,-1,-1,-1,150,150,150,-1,-1,-1,150,150,150,-1,150,150,150,150,150,150,150,-1
80474,Chico,129,129,129,-1,-1,-1,-1,-1,-1,-1,-1,-1,-1,-1,-1,-1,-1,-1,-1,-1,-1,-1,-1,-1,-1,-1,-1,-1,129,-1,-1,129,129,129,-1,-1,-1,-1
10292,Leandro Carvalho,129,-1,-1,129,129,129,-1,129,-1,-1,-1,129,-1,129,129,-1,-1,129,129,129,-1,129,-1,-1,-1,-1,-1,-1,-1,-1,-1,-1,-1,-1,129,129,-1,-1
10442,João Carlos,150,-1,-1,-1,-1,-1,-1,-1,-1,-1,-1,150,-1,-1,-1,-1,-1,-1,-1,-1,-1,-1,-1,-1,150,150,150,150,150,150,150,150,-1,-1,-1,-1,-1,-1
10446,Carlinhos,150,150,-1,150,150,150,150,150,-1,-1,150,150,150,150,150,150,150,-1,150,150,150,150,150,150,150,150,150,-1,-1,-1,150,150,-1,-1,-1,-1,-1,-1
10450,Apodi,150,150,-1,150,150,150,150,150,150,150,-1,150,150,150,-1,150,150,-1,150,150,150,150,150,-1,150,150,150,150,150,-1,150,150,150,150,150,-1,-1,-1
10448,Luciano Castan,150,150,150,150,150,150,150,-1,150,-1,150,150,150,150,150,-1,150,-1,150,150,150,150,150,150,150,150,150,150,150,-1,150,150,150,150,150,150,150,-1
10452,Gerson,150,150,150,150,150,150,150,150,-1,-1,-1,-1,-1,-1,-1,-1,-1,-1,-1,-1,-1,-1,-1,-1,-1,-1,-1,-1,-1,-1,-1,-1,-1,-1,-1,-1,-1,-1
10462,Didira,150,150,150,150,150,150,150,150,-1,-1,150,150,150,-1,-1,-1,-1,-1,-1,-1,-1,-1,-1,-1,-1,-1,-1,-1,-1,150,-1,-1,-1,-1,-1,-1,-1,-1
10468,Bruno Ramires,150,150,-1,-1,-1,-1,-1,-1,-1,-1,-1,-1,-1,-1,-1,-1,-1,-1,-1,-1,-1,-1,-1,-1,-1,-1,-1,-1,-1,-1,-1,-1,-1,-1,-1,-1,-1,-1
10459,Dawhan,150,-1,-1,-1,-1,150,-1,-1,-1,150,150,-1,-1,150,150,150,150,-1,150,150,150,150,150,-1,150,150,150,150,150,-1,150,150,150,150,150,150,150,-1
10474,Matheus Savio,150,150,150,150,150,150,150,-1,-1,-1,-1,-1,-1,-1,-1,-1,-1,-1,-1,-1,-1,-1,-1,-1,-1,-1,-1,-1,-1,-1,-1,-1,-1,-1,-1,-1,-1,-1
10456,Robinho,150,-1,-1,-1,-1,-1,-1,-1,-1,-1,-1,-1,-1,-1,-1,-1,-1,-1,-1,-1,-1,-1,-1,-1,-1,-1,-1,-1,-1,-1,-1,-1,-1,-1,-1,-1,-1,-1
10473,Patrick Fabiano,150,-1,-1,150,150,150,-1,-1,-1,-1,-1,-1,-1,-1,-1,-1,-1,-1,-1,-1,-1,-1,-1,-1,-1,-1,-1,-1,-1,-1,-1,-1,-1,-1,-1,-1,-1,-1
10187,Tiepo,132,132,132,132,132,132,132,132,132,132,132,132,132,132,132,132,132,132,132,132,132,132,-1,-1,-1,-1,-1,132,132,-1,-1,-1,-1,-1,-1,-1,-1,-1
10197,Eduardo,132,132,-1,-1,-1,-1,-1,-1,132,132,132,132,132,132,132,132,132,132,132,132,132,-1,-1,-1,-1,132,132,-1,132,-1,-1,-1,132,132,132,132,132,-1
10196,Alan Ruschel,132,-1,132,-1,-1,-1,-1,-1,132,-1,-1,-1,-1,-1,-1,-1,151,-1,-1,-1,151,-1,-1,-1,-1,-1,-1,-1,-1,-1,-1,-1,-1,151,151,-1,-1,-1
10195,Gum,132,132,132,132,132,132,132,132,132,132,132,132,132,132,132,132,132,-1,132,-1,-1,-1,-1,-1,132,-1,-1,-1,-1,-1,-1,-1,-1,-1,-1,-1,-1,-1
10199,Douglas,132,132,132,-1,132,132,-1,132,132,132,132,-1,-1,-1,-1,-1,-1,-1,-1,132,132,132,132,132,132,132,-1,132,132,132,132,132,132,132,132,-1,132,-1
10192,Bruno Pacheco,132,132,132,132,132,132,132,-1,132,132,132,132,132,132,132,132,132,132,132,132,132,-1,132,132,132,132,132,132,132,132,132,132,132,132,-1,-1,-1,-1
10211,Márcio Araújo,132,132,132,132,132,132,132,132,132,132,132,132,132,132,132,132,132,-1,132,132,132,132,132,-1,132,132,132,132,132,132,132,132,132,132,132,132,132,-1
10203,Gustavo Campanharo,132,132,-1,-1,132,132,132,132,132,-1,132,132,132,132,132,132,132,132,-1,-1,-1,132,132,-1,-1,-1,-1,-1,-1,-1,-1,-1,132,-1,-1,132,-1,-1
10214,D. Torres,132,132,-1,-1,-1,-1,-1,-1,-1,-1,-1,-1,-1,-1,-1,-1,132,-1,-1,-1,-1,-1,-1,-1,-1,-1,-1,-1,-1,-1,-1,-1,-1,-1,-1,-1,-1,-1
10222,Everaldo,132,132,132,132,132,132,132,132,132,132,132,132,-1,132,132,132,132,132,132,132,132,132,132,-1,132,132,132,132,132,132,132,132,132,132,-1,-1,-1,-1
10224,Regis,132,132,132,132,-1,-1,-1,-1,-1,-1,-1,-1,-1,-1,-1,-1,-1,-1,-1,-1,-1,132,132,132,-1,-1,-1,-1,-1,-1,-1,-1,-1,-1,-1,-1,-1,-1
10372,Marcelo Lomba,119,119,119,119,119,119,119,119,119,-1,119,119,119,-1,119,119,119,-1,119,119,119,119,119,119,119,119,119,119,119,-1,119,119,119,119,119,119,119,-1
10386,Bruno,119,-1,-1,-1,119,-1,-1,-1,-1,-1,-1,-1,119,-1,-1,-1,-1,-1,119,119,-1,-1,-1,-1,-1,-1,-1,-1,119,-1,-1,-1,-1,-1,-1,-1,-1,-1
10382,Uendel,119,-1,-1,-1,-1,119,119,119,-1,-1,-1,-1,119,-1,-1,119,-1,-1,119,119,119,119,119,-1,-1,-1,-1,-1,119,119,119,119,119,119,119,119,-1,-1
10385,Emerson Santos,119,-1,-1,-1,119,119,119,-1,119,119,-1,-1,-1,119,119,-1,-1,119,-1,-1,-1,-1,119,-1,-1,-1,-1,-1,-1,-1,-1,-1,-1,-1,-1,-1,-1,-1
10383,Roberto,119,-1,-1,-1,-1,-1,-1,119,119,-1,-1,-1,-1,-1,-1,-1,-1,-1,-1,-1,-1,-1,-1,119,119,-1,-1,-1,-1,-1,-1,-1,-1,-1,-1,-1,-1,-1
10390,Camilo,119,-1,-1,-1,-1,-1,132,132,132,132,132,132,132,132,132,132,-1,-1,132,132,132,-1,132,132,132,132,132,132,132,-1,132,132,132,-1,132,-1,132,-1
10395,Rodrigo Lindoso,119,119,119,119,119,119,119,119,119,119,-1,-1,-1,-1,-1,119,-1,-1,119,119,119,119,119,119,-1,-1,119,119,119,119,119,119,119,-1,119,119,119,-1
10403,Neilton,119,-1,-1,-1,-1,-1,-1,-1,-1,-1,119,-1,-1,-1,-1,-1,-1,119,-1,-1,-1,-1,119,-1,-1,-1,119,-1,119,-1,-1,-1,-1,-1,119,119,119,-1
10396,Nonato,119,-1,119,119,119,119,119,119,119,119,119,119,119,119,119,-1,119,119,-1,119,119,119,-1,-1,-1,-1,-1,-1,-1,-1,-1,-1,-1,-1,-1,119,-1,-1
10406,Rafael Sóbis,119,-1,-1,-1,-1,-1,119,119,119,119,-1,119,119,-1,-1,119,119,119,-1,-1,119,-1,-1,-1,-1,-1,-1,-1,-1,-1,-1,119,-1,-1,-1,-1,-1,-1
10400,William Pottker,119,-1,-1,-1,-1,-1,-1,-1,-1,-1,-1,-1,-1,-1,-1,-1,119,119,-1,-1,-1,-1,-1,-1,-1,-1,-1,-1,-1,119,119,119,119,-1,-1,-1,-1,-1
10153,César,127,127,-1,-1,-1,-1,-1,127,-1,-1,-1,-1,-1,-1,-1,-1,-1,-1,-1,-1,-1,-1,-1,-1,-1,-1,-1,127,-1,-1,-1,-1,-1,-1,-1,127,-1,-1
10162,Pará,127,-1,-1,127,127,127,127,-1,-1,-1,-1,-1,-1,-1,-1,-1,-1,-1,-1,-1,-1,-1,128,-1,-1,-1,128,128,128,128,-1,-1,128,128,-1,128,-1,-1
10156,Rodrigo Caio,127,-1,127,127,127,127,127,127,127,127,127,-1,-1,-1,127,127,-1,127,127,127,127,127,-1,-1,127,127,127,127,127,127,127,-1,127,127,127,-1,127,-1
10163,Renê,127,-1,-1,127,127,-1,127,127,-1,127,-1,-1,-1,-1,127,-1,-1,-1,-1,-1,127,127,127,127,127,-1,-1,-1,127,127,-1,127,-1,127,-1,127,-1,-1
10160,Léo Duarte,127,-1,-1,127,-1,127,127,-1,127,127,-1,-1,-1,-1,-1,-1,-1,-1,-1,-1,-1,-1,-1,-1,-1,-1,-1,-1,-1,-1,-1,-1,-1,-1,-1,-1,-1,-1
10168,Éverton Ribeiro,127,-1,-1,127,127,127,127,127,127,-1,-1,127,-1,-1,-1,127,127,127,-1,127,127,127,127,127,-1,127,127,127,127,127,127,-1,127,127,-1,127,127,-1
2488,G. Cuéllar,127,-1,-1,127,-1,127,-1,-1,-1,127,127,-1,127,127,-1,-1,-1,-1,-1,-1,-1,-1,-1,-1,-1,-1,-1,-1,-1,-1,-1,-1,-1,-1,-1,-1,-1,-1
10173,Willian Arão,127,-1,-1,127,127,127,127,127,127,127,127,127,127,127,127,127,127,127,127,127,127,127,127,127,127,-1,127,127,127,127,127,-1,127,127,127,-1,127,-1
2612,G. De Arrascaeta,127,-1,-1,127,-1,127,-1,-1,127,-1,-1,127,127,127,127,127,-1,127,127,127,127,-1,-1,-1,-1,-1,127,127,127,-1,-1,127,-1,127,127,127,127,-1
10174,Gabriel Barbosa,127,-1,-1,127,127,127,127,127,127,127,127,-1,-1,127,127,127,127,127,127,127,127,-1,-1,-1,127,127,127,127,-1,127,127,127,127,-1,127,127,127,-1
10180,Bruno Henrique,127,-1,-1,127,127,-1,127,127,127,-1,127,127,127,127,-1,127,-1,127,127,127,127,127,127,127,-1,127,127,127,127,127,127,-1,127,127,127,-1,127,-1
10080,Fábio,135,135,135,-1,135,135,135,135,135,-1,-1,135,135,135,135,135,135,135,135,135,135,135,135,135,135,135,135,135,135,135,135,135,135,135,135,135,135,-1
10086,Edílson,135,-1,135,-1,-1,-1,-1,-1,-1,-1,-1,-1,-1,-1,-1,-1,135,-1,-1,-1,-1,-1,135,135,135,-1,-1,-1,-1,135,-1,-1,-1,-1,-1,135,-1,-1
10090,Dedé,135,135,135,135,135,135,135,135,135,-1,-1,135,135,135,-1,135,-1,-1,-1,135,135,-1,135,135,135,135,-1,-1,-1,-1,-1,-1,-1,-1,-1,-1,-1,-1
10087,Dodô,135,-1,135,-1,-1,-1,135,135,-1,135,135,-1,-1,135,135,-1,135,-1,-1,-1,-1,-1,-1,-1,-1,-1,-1,-1,135,-1,135,135,-1,-1,-1,-1,135,-1
10083,Murilo,135,-1,-1,-1,-1,-1,-1,-1,-1,-1,-1,-1,-1,-1,-1,-1,-1,-1,-1,-1,-1,-1,-1,-1,-1,-1,-1,-1,-1,-1,-1,-1,-1,-1,-1,-1,-1,-1
10099,Henrique,135,135,-1,135,135,135,135,135,135,-1,-1,135,135,135,135,135,135,135,135,135,135,-1,135,135,135,135,135,135,135,135,135,135,135,135,135,135,135,-1
10096,Marquinhos Gabriel,135,-1,-1,-1,135,135,-1,-1,-1,-1,-1,135,135,135,135,135,135,135,-1,135,-1,-1,-1,135,-1,135,-1,135,135,135,135,135,-1,-1,-1,-1,135,-1
10094,Rodriguinho,135,135,-1,135,135,-1,-1,-1,-1,-1,-1,-1,-1,-1,-1,-1,-1,-1,-1,-1,-1,-1,-1,-1,-1,-1,-1,-1,-1,-1,-1,-1,-1,-1,-1,-1,-1,-1
10100,L. Romero,135,-1,135,135,135,135,135,135,-1,-1,-1,-1,-1,-1,-1,-1,-1,-1,-1,-1,-1,-1,-1,-1,-1,-1,-1,-1,-1,-1,-1,-1,-1,-1,-1,-1,-1,-1
10104,Fred,135,135,135,135,135,135,-1,-1,-1,-1,135,135,-1,-1,135,-1,135,135,-1,-1,-1,135,135,135,135,135,135,135,135,-1,135,-1,-1,135,-1,135,-1,-1
10106,Pedro Rocha,135,135,135,135,-1,-1,135,135,135,-1,-1,135,135,135,-1,135,-1,135,135,135,-1,-1,-1,-1,-1,-1,-1,-1,-1,-1,-1,-1,-1,135,135,-1,135,-1
10296,Rodolfo,124,124,124,-1,-1,124,-1,-1,-1,-1,-1,-1,-1,-1,-1,-1,-1,-1,-1,-1,-1,-1,-1,-1,-1,-1,-1,-1,-1,-1,-1,-1,-1,-1,-1,-1,-1,-1
10301,Matheus Ferraz,124,124,124,124,124,124,-1,-1,-1,-1,-1,-1,-1,-1,-1,-1,-1,-1,-1,-1,-1,-1,-1,-1,-1,-1,-1,-1,-1,-1,-1,-1,-1,-1,-1,-1,-1,-1
10305,Gilberto,124,124,124,124,124,-1,-1,-1,124,124,124,-1,-1,-1,124,-1,124,124,124,124,124,124,124,124,124,124,124,124,124,124,124,124,124,124,124,124,124,-1
10306,Nino,124,124,124,124,124,124,-1,124,124,124,124,124,124,124,124,124,124,124,-1,124,124,124,124,124,124,124,124,124,124,124,124,124,124,124,124,124,124,-1
10316,Caio Henrique,124,124,124,124,124,124,124,124,124,124,124,124,124,124,124,124,124,124,124,124,124,124,-1,-1,124,124,124,124,124,124,124,-1,124,124,124,124,124,-1
10318,Airton,124,124,-1,-1,-1,124,-1,-1,-1,-1,-1,-1,-1,-1,124,-1,124,-1,-1,-1,-1,-1,-1,124,-1,-1,-1,-1,-1,-1,-1,-1,-1,124,-1,-1,-1,-1
10317,Bruno Silva,124,124,-1,-1,-1,-1,-1,-1,-1,124,-1,-1,-1,119,119,-1,119,-1,-1,-1,-1,-1,-1,-1,119,119,-1,-1,-1,119,-1,-1,-1,119,-1,-1,-1,-1
10319,Allan,124,124,124,124,-1,124,124,124,-1,-1,124,124,124,124,-1,124,-1,124,124,124,124,124,-1,-1,124,124,124,-1,124,124,124,124,124,124,124,-1,-1,-1
10323,Luciano,124,124,124,124,-1,-1,124,-1,-1,-1,-1,-1,130,-1,130,130,-1,-1,-1,130,130,-1,-1,-1,-1,130,130,130,130,130,130,130,130,130,130,130,-1,-1
10328,Y. González,124,124,124,124,124,124,-1,-1,124,-1,124,124,124,124,124,124,124,124,124,124,124,124,124,124,124,124,124,124,124,124,124,124,124,124,124,124,-1,-1
10331,Everaldo,124,-1,-1,-1,-1,-1,-1,-1,-1,-1,131,-1,-1,131,131,-1,-1,-1,-1,-1,-1,-1,-1,-1,-1,-1,-1,-1,-1,-1,-1,-1,-1,-1,-1,-1,-1,-1
10335,Tadeu,151,151,151,151,151,151,151,151,151,151,151,151,151,151,151,151,151,-1,151,151,151,151,151,151,151,151,151,151,151,151,151,151,151,151,151,151,151,-1
10336,Geovane,151,151,151,151,151,151,151,151,151,151,151,151,151,-1,-1,151,-1,-1,-1,-1,-1,-1,-1,-1,-1,151,-1,-1,-1,-1,-1,-1,-1,-1,-1,-1,-1,-1
10337,Yago,151,151,151,151,151,-1,151,151,151,151,151,151,151,-1,-1,-1,-1,-1,-1,-1,-1,-1,-1,-1,-1,-1,-1,-1,-1,-1,-1,-1,-1,-1,-1,-1,-1,-1
10338,Kevin,151,-1,-1,-1,-1,-1,-1,-1,-1,-1,-1,151,-1,-1,-1,-1,-1,-1,-1,-1,-1,-1,-1,-1,-1,-1,-1,-1,-1,-1,-1,-1,-1,-1,-1,-1,-1,-1
10356,Giovanni Augusto,151,151,-1,151,151,-1,151,151,151,151,-1,-1,151,-1,-1,-1,-1,-1,-1,-1,-1,-1,-1,-1,-1,-1,-1,-1,-1,-1,-1,-1,-1,-1,-1,-1,-1,-1
10351,David Duarte,151,151,151,151,151,-1,151,-1,-1,-1,-1,-1,-1,-1,-1,-1,-1,-1,-1,-1,-1,-1,-1,-1,-1,-1,-1,-1,-1,-1,-1,-1,-1,-1,-1,-1,-1,-1
10352,Léo Sena,151,151,151,151,-1,151,151,-1,-1,-1,151,151,151,-1,151,-1,151,151,151,151,151,151,151,-1,151,151,151,151,151,151,151,151,151,151,151,151,151,-1
10349,Jefferson,151,151,151,151,151,151,151,151,151,151,151,151,151,151,151,151,-1,-1,151,151,-1,151,151,151,151,151,151,151,151,151,151,151,-1,-1,-1,151,-1,-1
10362,Kayke,151,151,151,-1,151,151,151,151,151,151,151,151,151,-1,151,151,151,151,151,-1,-1,-1,-1,-1,-1,-1,-1,-1,-1,-1,-1,-1,-1,-1,-1,-1,-1,-1
10359,L. Barcia,151,151,151,151,151,151,151,151,151,-1,151,151,151,151,-1,-1,-1,-1,151,151,151,151,151,151,151,-1,151,151,151,151,151,151,151,151,151,151,151,-1
10364,Michael,151,151,151,151,151,151,151,151,151,151,151,151,151,151,151,151,151,151,151,151,151,151,151,151,151,-1,151,151,151,151,151,-1,151,151,151,-1,151,-1
10476,Paulo Victor,130,-1,130,130,130,130,130,130,130,-1,-1,130,-1,-1,-1,-1,130,130,130,130,-1,130,130,130,130,-1,130,130,130,130,130,130,130,130,130,130,-1,-1
10485,Pedro Geromel,130,-1,130,130,130,130,130,-1,-1,-1,130,130,-1,-1,-1,-1,130,-1,-1,-1,-1,-1,130,130,130,-1,130,-1,130,130,-1,130,130,130,130,-1,-1,-1
2466,W. Kannemann,130,130,130,-1,-1,-1,-1,-1,-1,-1,-1,130,-1,-1,-1,-1,130,-1,130,130,-1,130,-1,-1,130,-1,130,-1,130,130,130,-1,130,130,130,130,-1,-1
10480,Bruno Cortez,130,130,-1,-1,-1,-1,-1,-1,-1,-1,-1,130,-1,130,-1,-1,130,130,130,130,-1,130,130,130,130,-1,130,130,130,130,-1,130,130,130,130,130,-1,-1
10486,Léo Gomes,130,-1,130,130,130,130,130,130,-1,-1,-1,130,-1,-1,-1,-1,-1,-1,-1,-1,-1,-1,-1,-1,-1,-1,-1,-1,-1,-1,-1,-1,-1,-1,-1,-1,-1,-1
10498,Maicon,130,130,-1,-1,130,-1,130,-1,-1,-1,-1,130,-1,-1,-1,-1,-1,-1,-1,-1,-1,130,130,130,130,-1,130,-1,130,130,-1,130,130,-1,130,-1,-1,-1
10491,Jean Pyerre,130,130,-1,-1,130,130,130,130,130,-1,-1,130,-1,-1,-1,-1,130,130,-1,-1,-1,-1,-1,-1,-1,-1,-1,-1,-1,-1,-1,-1,-1,-1,-1,-1,-1,-1
10494,Matheus Henrique,130,130,130,130,-1,-1,-1,-1,130,-1,-1,130,-1,-1,-1,-1,130,130,130,130,-1,130,-1,-1,130,-1,130,-1,130,130,130,-1,130,130,-1,130,-1,-1
10505,André,130,130,130,130,130,-1,-1,-1,-1,-1,-1,130,-1,-1,-1,-1,-1,-1,-1,-1,130,130,-1,130,-1,130,-1,-1,-1,-1,-1,-1,-1,-1,-1,-1,-1,-1
10501,Alisson,130,130,-1,130,130,-1,130,130,-1,-1,-1,130,-1,-1,-1,-1,130,130,130,-1,-1,130,130,130,130,-1,130,-1,130,130,130,130,130,130,130,-1,-1,-1
2414,Everton,130,130,130,130,130,-1,-1,-1,-1,-1,-1,130,-1,-1,-1,130,130,130,130,130,-1,130,-1,-1,130,-1,130,130,130,130,130,130,130,130,130,130,-1,-1
9977,Vanderlei,128,128,128,128,128,-1,-1,-1,-1,-1,-1,-1,-1,-1,-1,-1,-1,-1,-1,-1,-1,-1,-1,-1,-1,-1,-1,-1,-1,-1,-1,-1,-1,-1,-1,-1,-1,-1
9988,Victor Ferraz,128,128,128,-1,128,128,128,128,128,-1,128,128,-1,-1,128,128,-1,128,128,-1,128,128,-1,128,-1,-1,-1,-1,-1,-1,128,128,-1,-1,128,-1,128,-1
9980,F. Aguilar,128,128,-1,128,-1,128,128,128,128,128,128,-1,128,-1,128,128,128,-1,-1,128,-1,128,-1,-1,-1,-1,-1,-1,-1,-1,-1,-1,-1,-1,-1,128,-1,-1
9992,Gustavo Henrique,128,128,128,128,128,-1,-1,128,128,128,128,128,128,128,-1,128,128,128,-1,128,128,128,128,128,128,128,128,128,128,128,-1,128,128,-1,128,128,128,-1
9987,Diego Pituca,128,128,128,128,128,-1,128,128,128,128,128,128,128,128,128,128,128,-1,128,128,128,128,128,128,128,128,128,-1,128,128,-1,-1,-1,128,-1,128,128,-1
9991,Lucas Verissimo,128,128,128,128,128,128,128,-1,128,128,-1,128,128,128,128,128,128,128,128,128,128,-1,128,128,128,128,-1,128,128,128,128,128,128,128,128,-1,128,-1
9989,Felipe Jonatan,128,-1,-1,128,-1,-1,-1,-1,-1,-1,-1,128,128,128,-1,128,128,-1,-1,128,-1,-1,-1,-1,-1,-1,-1,-1,-1,128,-1,128,128,-1,128,-1,-1,-1
9997,Jean Mota,128,-1,-1,-1,128,128,128,-1,-1,128,-1,-1,-1,-1,-1,-1,128,-1,-1,-1,128,-1,128,-1,-1,128,128,-1,-1,-1,128,-1,-1,-1,-1,128,-1,-1
2454,Y. Soteldo,128,-1,128,128,128,-1,128,128,128,128,128,128,128,128,128,128,-1,128,128,128,128,128,-1,-1,128,128,128,128,128,128,128,-1,128,128,-1,128,128,-1
9994,Jean Lucas,128,128,128,128,128,128,128,128,-1,-1,-1,-1,-1,-1,-1,-1,-1,-1,-1,-1,-1,-1,-1,-1,-1,-1,-1,-1,-1,-1,-1,-1,-1,-1,-1,-1,-1,-1
10004,Eduardo Sasha,128,128,128,-1,-1,128,128,128,128,128,128,128,128,128,128,128,128,128,128,128,128,128,128,128,128,-1,128,128,128,128,128,128,128,128,128,-1,128,-1
2410,Weverton,121,121,121,121,121,121,121,121,121,121,121,121,121,121,-1,121,-1,121,121,121,121,121,-1,-1,121,121,121,121,121,-1,121,121,121,121,-1,121,121,-1
9916,Marcos Rocha,121,121,121,121,121,121,121,121,121,121,-1,121,121,-1,121,121,121,121,121,-1,121,121,121,121,121,-1,-1,121,-1,-1,121,121,121,-1,121,121,121,-1
9905,Diogo Barbosa,121,121,121,121,121,121,121,121,121,121,-1,121,121,-1,121,121,121,121,121,121,121,121,121,121,121,121,121,121,121,-1,121,121,121,-1,121,121,121,-1
2502,G. Gómez,121,121,121,121,121,121,-1,-1,-1,121,-1,121,-1,121,-1,121,-1,121,121,121,121,121,-1,-1,121,121,-1,121,121,121,121,-1,121,-1,-1,-1,-1,-1
9913,Luan,121,121,121,121,121,-1,-1,-1,-1,121,-1,121,121,-1,121,-1,121,-1,-1,-1,-1,-1,121,121,121,-1,121,-1,-1,121,-1,121,-1,121,121,121,121,-1
9929,Felipe Melo,121,121,121,121,-1,121,121,121,-1,121,-1,121,121,-1,121,121,-1,121,121,121,121,121,121,-1,121,121,121,121,121,-1,-1,-1,-1,-1,121,-1,-1,-1
9921,Bruno Henrique,121,121,121,121,121,121,121,121,-1,121,121,121,121,-1,121,121,121,121,121,121,121,121,121,121,121,121,121,121,121,-1,121,121,121,-1,121,121,121,-1
9926,Gustavo Scarpa,121,121,-1,-1,-1,-1,-1,-1,121,121,121,-1,121,-1,121,-1,121,121,121,121,121,-1,121,121,121,-1,-1,121,121,-1,121,121,-1,-1,-1,-1,-1,-1
9937,Ricardo Goulart,121,-1,-1,-1,-1,-1,-1,-1,-1,-1,-1,-1,-1,-1,-1,-1,-1,-1,-1,-1,-1,-1,-1,-1,-1,-1,-1,-1,-1,-1,-1,-1,-1,-1,-1,-1,-1,-1
9939,Dudu,121,121,121,121,121,121,121,121,121,121,121,121,121,121,121,121,121,121,-1,121,121,121,121,121,121,121,121,121,121,-1,121,121,121,-1,121,121,121,-1
9934,Deyverson,121,121,121,121,121,121,121,121,121,121,-1,121,-1,-1,-1,-1,-1,-1,-1,-1,-1,-1,-1,121,121,121,121,121,121,121,121,121,-1,-1,-1,-1,-1,-1
10408,Felipe Alves,154,154,154,154,154,-1,154,154,154,154,154,154,154,154,154,154,154,154,154,-1,-1,-1,-1,-1,154,154,154,154,154,154,154,154,154,154,154,154,154,-1
10412,Roger Carvalho,154,-1,154,154,-1,154,154,-1,154,154,154,154,154,154,-1,-1,-1,-1,-1,-1,-1,-1,-1,-1,-1,-1,-1,-1,-1,-1,-1,-1,-1,-1,-1,-1,-1,-1
10419,Carlinhos,154,154,154,154,154,-1,154,154,154,154,154,154,-1,-1,154,-1,-1,154,154,154,154,154,154,154,-1,154,154,-1,154,-1,-1,154,154,-1,-1,154,154,-1
10420,J. Quintero,154,154,154,154,154,154,154,154,154,154,154,154,154,154,154,154,154,154,154,154,154,154,154,-1,154,154,154,154,154,154,154,154,154,154,154,154,154,-1
10413,Tinga,154,154,-1,-1,-1,-1,154,-1,-1,154,-1,154,-1,154,154,154,154,154,154,154,154,-1,154,-1,154,-1,-1,154,-1,154,-1,154,-1,-1,-1,154,-1,-1
10417,Felipe,154,-1,154,154,154,-1,154,154,154,-1,154,154,154,154,154,154,154,154,154,-1,154,154,154,154,-1,154,154,-1,154,154,154,154,154,154,-1,154,154,-1
10424,Paulo Roberto,154,-1,-1,-1,-1,154,-1,-1,-1,-1,-1,-1,-1,-1,-1,-1,-1,-1,-1,-1,-1,-1,-1,-1,-1,-1,-1,-1,-1,-1,-1,-1,-1,-1,-1,-1,-1,-1
10437,Wellington Paulista,154,154,-1,154,-1,-1,-1,-1,154,154,154,154,154,154,154,154,154,154,-1,154,154,154,154,154,-1,154,154,154,154,-1,154,154,154,154,-1,154,154,-1
10434,Osvaldo,154,154,-1,-1,-1,-1,154,-1,154,-1,154,154,-1,-1,-1,-1,-1,154,154,-1,154,154,154,154,-1,154,154,-1,154,154,154,-1,154,154,154,154,154,-1
10436,Edinho,154,-1,154,154,154,-1,-1,-1,-1,-1,-1,-1,154,154,154,-1,-1,-1,154,-1,154,154,154,154,-1,154,-1,154,-1,-1,-1,154,-1,154,154,154,154,-1
10432,Junior Santos,154,154,-1,154,154,-1,-1,-1,-1,-1,-1,-1,-1,-1,-1,-1,-1,-1,-1,-1,-1,-1,-1,-1,-1,-1,-1,-1,-1,-1,-1,-1,-1,-1,-1,-1,-1,-1
9944,Tiago Volpi,126,126,126,126,126,126,126,126,126,126,126,126,126,126,126,126,126,-1,126,126,126,126,126,126,126,126,126,126,126,126,126,126,126,126,126,126,-1,-1
2571,R. Arboleda,126,-1,-1,-1,126,-1,-1,-1,126,126,126,126,126,-1,126,126,126,-1,126,126,126,126,-1,126,126,126,126,126,126,126,126,126,126,126,126,126,-1,-1
9946,Reinaldo,126,126,126,126,126,126,126,126,126,126,126,126,126,126,-1,126,126,-1,126,126,126,126,126,126,126,-1,126,126,126,126,126,126,126,126,126,126,-1,-1
9945,Bruno Alves,126,126,126,126,126,126,126,126,126,126,126,-1,126,126,-1,-1,-1,-1,126,126,126,126,126,126,126,126,126,126,126,126,126,126,126,126,126,126,-1,-1
9949,Igor Vinicius,126,-1,126,-1,126,-1,-1,126,-1,126,126,126,126,-1,-1,-1,-1,-1,-1,126,-1,-1,-1,126,-1,-1,126,-1,-1,-1,-1,-1,-1,-1,-1,-1,126,-1
9955,Éverton,126,-1,126,-1,126,-1,126,-1,-1,-1,-1,-1,126,126,126,126,126,-1,-1,126,-1,-1,-1,-1,-1,-1,-1,-1,-1,-1,-1,-1,-1,-1,-1,-1,-1,-1
9966,Húdson,126,126,126,126,126,126,126,126,126,-1,-1,-1,-1,-1,-1,-1,126,-1,-1,-1,-1,-1,-1,-1,-1,-1,-1,-1,-1,-1,-1,-1,-1,-1,-1,-1,-1,-1
9958,Tchê Tchê,126,126,126,126,126,126,126,-1,126,126,126,126,126,126,126,126,126,-1,126,126,126,126,126,126,126,126,126,126,126,126,126,126,126,126,-1,126,-1,-1
9967,Igor Gomes,126,-1,-1,-1,-1,-1,-1,-1,-1,-1,-1,-1,-1,-1,-1,-1,-1,-1,-1,-1,-1,-1,-1,-1,-1,-1,126,126,126,-1,126,126,126,126,126,126,126,-1
9972,Alexandre Pato,126,126,-1,126,126,126,126,126,126,126,126,-1,126,-1,-1,-1,-1,-1,-1,-1,-1,-1,126,126,126,126,126,126,-1,-1,-1,-1,-1,-1,-1,-1,-1,-1
9971,Antony,126,126,126,126,126,-1,-1,-1,126,126,126,126,-1,126,126,126,-1,-1,-1,-1,126,126,-1,-1,126,126,126,126,126,126,126,-1,126,126,126,126,-1,-1
2497,R. Fernández,120,120,120,120,120,120,-1,-1,120,120,120,120,120,120,120,120,-1,120,120,120,120,120,-1,-1,-1,120,120,120,120,120,120,-1,120,120,120,120,-1,-1
10050,J. Carli,120,120,120,120,-1,120,120,120,120,120,120,-1,120,-1,120,120,120,-1,-1,-1,-1,120,-1,120,-1,-1,120,120,120,120,120,120,-1,-1,120,120,-1,-1
10051,Gabriel,120,120,120,120,120,120,120,120,120,120,120,120,-1,120,120,120,-1,120,120,120,120,120,120,120,120,120,120,120,120,120,120,120,120,120,-1,-1,120,-1
10048,Marcinho,120,-1,-1,-1,-1,-1,-1,-1,120,120,120,120,120,120,120,120,120,120,120,120,120,120,-1,-1,120,120,120,120,120,-1,-1,-1,-1,-1,-1,120,120,-1
10057,Jonathan,120,-1,120,120,-1,-1,-1,-1,-1,-1,120,-1,-1,-1,-1,-1,-1,-1,-1,-1,-1,-1,-1,-1,-1,-1,-1,-1,-1,-1,-1,-1,-1,-1,-1,-1,-1,-1
10069,Cícero,120,120,120,120,120,120,120,120,-1,120,120,120,120,120,-1,120,120,120,120,120,120,120,120,-1,120,120,120,-1,-1,120,120,120,120,120,120,120,-1,-1
10068,João Paulo,120,120,-1,120,120,120,120,120,120,120,120,120,120,-1,120,120,120,120,120,120,120,120,120,120,120,120,120,120,120,120,120,120,120,120,120,120,120,-1
10062,Gustavo Bochecha,120,120,120,120,-1,120,-1,-1,120,-1,-1,-1,120,120,120,-1,-1,-1,120,-1,120,120,120,120,120,-1,-1,120,120,-1,-1,-1,-1,-1,-1,-1,-1,-1
10063,Wenderson,120,-1,-1,-1,-1,-1,-1,-1,-1,-1,-1,-1,-1,-1,-1,-1,-1,-1,-1,-1,-1,-1,-1,-1,-1,-1,-1,-1,120,-1,-1,-1,-1,-1,-1,-1,-1,-1
10076,Rodrigo Pimpão,120,120,120,-1,-1,-1,-1,-1,-1,-1,120,120,120,120,-1,-1,-1,-1,-1,120,-1,-1,120,-1,120,-1,-1,-1,-1,-1,-1,-1,-1,-1,-1,-1,-1,-1
10074,Erik,120,120,120,120,-1,120,120,120,120,120,-1,-1,-1,-1,-1,-1,-1,-1,-1,-1,-1,-1,-1,-1,-1,-1,-1,-1,-1,-1,-1,-1,-1,-1,-1,-1,-1,-1
10516,Alex Silva,-1,145,-1,-1,-1,-1,-1,-1,-1,-1,-1,-1,-1,-1,-1,-1,-1,-1,-1,-1,-1,-1,-1,-1,-1,-1,-1,-1,-1,-1,-1,-1,-1,-1,-1,-1,-1,-1
10520,Eduardo Kunde,-1,145,-1,-1,-1,-1,145,145,-1,-1,-1,-1,-1,-1,-1,-1,-1,-1,-1,-1,-1,-1,-1,-1,-1,-1,-1,145,-1,145,145,145,145,145,145,145,-1,-1
10538,F. Brizuela,-1,145,-1,-1,-1,-1,-1,-1,-1,-1,-1,-1,-1,-1,-1,-1,-1,-1,-1,-1,-1,-1,-1,-1,-1,-1,-1,-1,-1,-1,-1,-1,-1,-1,-1,-1,-1,-1
10481,Juninho Capixaba,-1,130,130,130,130,130,-1,130,130,130,130,-1,130,-1,130,130,-1,-1,-1,-1,130,-1,-1,-1,-1,130,-1,-1,-1,-1,130,-1,-1,-1,-1,-1,130,-1
10490,Rômulo,-1,130,-1,130,-1,-1,-1,130,130,130,130,-1,-1,130,130,-1,-1,-1,-1,-1,130,-1,-1,-1,-1,130,-1,130,-1,-1,-1,-1,-1,-1,-1,-1,-1,-1
10495,Michel,-1,130,130,130,130,130,-1,130,-1,-1,-1,-1,-1,-1,-1,130,130,130,130,130,-1,-1,130,130,-1,130,-1,130,-1,-1,-1,130,-1,130,130,130,-1,-1
10496,W. Montoya,-1,130,130,-1,-1,130,-1,-1,-1,-1,-1,-1,-1,-1,-1,-1,-1,-1,-1,-1,-1,-1,-1,-1,-1,-1,-1,-1,-1,-1,-1,-1,-1,-1,-1,-1,-1,-1
10507,Diego Tardelli,-1,130,-1,-1,-1,-1,130,130,-1,130,130,-1,-1,130,130,130,130,130,130,130,-1,-1,130,-1,130,-1,130,130,130,130,130,130,130,130,-1,130,-1,-1
10502,Luan,-1,130,130,-1,-1,-1,-1,-1,130,130,130,-1,130,130,130,130,-1,-1,130,130,-1,130,130,130,130,-1,-1,-1,-1,-1,-1,-1,-1,-1,-1,-1,-1,-1
10503,Felipe Vizeu,-1,130,-1,-1,-1,130,130,130,-1,-1,-1,-1,-1,-1,-1,-1,-1,-1,-1,-1,-1,-1,-1,-1,-1,-1,-1,-1,-1,-1,-1,-1,-1,-1,-1,-1,-1,-1
10054,Gilson,-1,120,-1,-1,120,120,120,120,120,120,-1,120,120,120,120,120,120,-1,120,120,-1,120,-1,120,-1,-1,-1,-1,-1,-1,-1,-1,-1,-1,-1,-1,-1,-1
10072,Diego Souza,-1,120,120,120,120,120,120,120,120,120,120,120,120,120,120,120,120,120,-1,120,120,120,120,-1,120,120,120,120,-1,-1,-1,-1,120,120,120,120,-1,-1
10012,Douglas Friedrich,-1,118,118,118,118,118,118,118,118,118,118,118,118,118,118,118,118,118,118,118,118,118,118,118,118,118,118,118,118,118,118,118,118,118,118,118,118,-1
10198,Tharlis,-1,132,-1,-1,-1,-1,-1,-1,-1,-1,-1,-1,-1,-1,-1,-1,-1,-1,-1,-1,-1,-1,-1,-1,-1,-1,-1,-1,-1,-1,-1,-1,-1,-1,-1,132,132,-1
10088,Léo,-1,135,135,135,135,135,135,135,135,-1,-1,135,135,-1,-1,-1,135,135,-1,-1,-1,-1,-1,-1,-1,-1,-1,-1,135,-1,-1,-1,-1,135,135,135,135,-1
10093,A. Cabral,-1,135,-1,-1,-1,135,135,135,135,135,135,135,135,-1,-1,-1,-1,-1,-1,-1,-1,-1,-1,-1,-1,-1,-1,-1,-1,-1,-1,-1,-1,-1,135,135,-1,-1
10098,Thiago Neves,-1,135,135,-1,135,135,135,135,135,-1,-1,135,-1,135,135,135,135,-1,135,-1,135,135,-1,135,135,135,135,135,135,-1,135,135,135,135,-1,-1,-1,-1
10101,Robinho,-1,135,-1,135,135,135,135,135,-1,-1,-1,-1,135,-1,135,135,135,-1,135,135,135,135,135,-1,135,135,135,-1,-1,135,135,-1,135,-1,-1,-1,-1,-1
10440,Jordi,-1,150,150,150,150,150,150,150,150,150,150,-1,150,150,150,150,150,-1,150,150,150,150,150,150,-1,-1,-1,-1,-1,-1,-1,-1,150,150,150,150,150,-1
10447,P. Armero,-1,150,150,-1,-1,-1,-1,-1,-1,-1,-1,-1,-1,-1,-1,-1,-1,-1,-1,-1,-1,-1,-1,-1,-1,-1,-1,-1,-1,-1,-1,-1,-1,-1,-1,-1,-1,-1
10272,Naldo,-1,150,150,150,150,150,150,-1,150,-1,-1,-1,-1,150,150,150,150,-1,150,150,150,150,150,150,150,150,-1,-1,-1,-1,-1,-1,-1,-1,-1,-1,-1,-1
10464,Madson,-1,150,150,150,-1,-1,-1,-1,-1,-1,-1,-1,-1,-1,-1,-1,-1,-1,-1,-1,-1,-1,-1,-1,-1,-1,-1,-1,-1,-1,-1,-1,-1,-1,-1,-1,-1,-1
10467,C. Maidana,-1,150,-1,-1,-1,-1,-1,-1,-1,-1,-1,-1,-1,-1,-1,-1,-1,-1,-1,-1,-1,-1,-1,-1,-1,-1,-1,-1,-1,-1,-1,-1,-1,-1,-1,-1,-1,-1
10470,Cassiano,-1,150,150,-1,-1,-1,150,150,-1,150,-1,-1,-1,-1,-1,-1,-1,-1,-1,-1,-1,-1,-1,-1,-1,-1,-1,-1,-1,-1,-1,-1,-1,-1,-1,-1,-1,-1
9902,Jaílson,-1,121,-1,-1,-1,-1,-1,-1,-1,-1,-1,-1,-1,-1,-1,-1,121,-1,-1,-1,-1,-1,121,-1,-1,-1,-1,-1,-1,-1,-1,-1,-1,-1,121,-1,-1,-1
9915,Edu Dracena,-1,121,-1,-1,-1,-1,121,121,121,-1,121,-1,-1,-1,-1,-1,-1,-1,-1,-1,-1,-1,-1,-1,-1,-1,-1,-1,-1,-1,-1,-1,-1,-1,-1,121,-1,-1
9908,Antônio Carlos,-1,121,-1,-1,-1,121,121,121,121,-1,121,-1,-1,121,-1,-1,-1,-1,-1,-1,-1,-1,-1,-1,-1,-1,-1,-1,-1,-1,-1,-1,-1,-1,-1,-1,121,-1
9907,Victor Luis,-1,121,-1,-1,-1,-1,-1,-1,-1,-1,121,-1,-1,121,-1,-1,-1,-1,-1,-1,-1,-1,-1,-1,-1,-1,-1,-1,-1,121,-1,-1,-1,121,-1,-1,-1,-1
9917,Mayke,-1,121,-1,-1,-1,-1,-1,-1,-1,-1,-1,-1,-1,121,-1,-1,-1,-1,-1,-1,-1,-1,-1,-1,-1,-1,-1,-1,121,121,-1,-1,-1,121,-1,-1,-1,-1
9928,Moisés,-1,121,-1,-1,-1,-1,-1,-1,121,-1,-1,-1,-1,-1,-1,-1,-1,-1,-1,-1,-1,-1,-1,-1,-1,-1,-1,-1,-1,-1,-1,-1,-1,-1,-1,-1,-1,-1
9918,Lucas Lima,-1,121,-1,-1,121,121,121,121,-1,-1,-1,-1,-1,-1,-1,-1,-1,-1,-1,-1,-1,121,-1,-1,-1,-1,121,-1,-1,121,-1,-1,121,-1,121,121,121,-1
9924,Thiago Santos,-1,121,-1,-1,121,-1,-1,-1,121,-1,121,-1,-1,121,-1,-1,-1,-1,-1,-1,-1,-1,-1,121,-1,-1,-1,-1,-1,121,121,121,121,121,-1,-1,-1,-1
9923,Hyoran,-1,121,-1,-1,-1,-1,-1,-1,-1,-1,121,-1,-1,121,-1,-1,-1,-1,-1,-1,121,-1,-1,-1,-1,-1,-1,-1,-1,-1,-1,-1,-1,121,-1,-1,-1,-1
9920,Raphael Veiga,-1,121,121,121,-1,-1,-1,-1,-1,-1,-1,121,-1,121,-1,-1,-1,-1,-1,-1,-1,-1,-1,-1,-1,-1,-1,-1,-1,-1,-1,-1,-1,121,-1,121,121,-1
10427,Gabriel Dias,-1,154,154,154,154,154,-1,154,154,-1,154,-1,154,-1,154,154,154,154,154,154,-1,154,-1,154,-1,154,154,-1,154,-1,154,-1,154,154,154,-1,154,-1
10425,Marcinho,-1,154,154,154,154,154,-1,154,-1,-1,-1,-1,-1,-1,-1,-1,-1,-1,-1,-1,-1,-1,-1,-1,-1,-1,-1,-1,-1,-1,-1,-1,-1,-1,-1,-1,-1,-1
10422,Felipe Araruna,-1,154,-1,-1,-1,-1,-1,-1,-1,154,-1,-1,-1,-1,-1,-1,-1,-1,-1,-1,-1,-1,-1,-1,154,-1,-1,154,-1,-1,-1,-1,-1,-1,154,-1,154,-1
10435,Kieza,-1,154,154,-1,154,154,154,-1,-1,154,154,-1,-1,-1,-1,-1,-1,-1,-1,-1,-1,-1,-1,-1,154,-1,-1,-1,-1,154,-1,-1,-1,-1,154,-1,-1,-1
10128,Wellington,-1,134,134,-1,134,134,134,134,-1,134,134,134,-1,134,134,134,-1,-1,134,134,134,-1,134,134,134,134,134,134,-1,134,134,134,134,134,-1,134,-1,-1
9969,Jonas Toró,-1,126,126,126,-1,126,126,126,-1,-1,-1,-1,126,-1,-1,-1,-1,-1,126,126,-1,-1,-1,-1,-1,-1,-1,-1,-1,-1,-1,-1,-1,-1,-1,-1,126,-1
10378,Rodrigo Moledo,-1,119,119,119,-1,-1,-1,-1,-1,-1,-1,-1,119,-1,-1,119,-1,-1,119,119,-1,-1,-1,-1,-1,-1,-1,119,119,-1,119,119,119,119,119,119,-1,-1
10377,V. Cuesta,-1,119,119,119,119,119,119,119,-1,119,-1,-1,119,-1,-1,119,119,-1,119,119,119,119,119,119,-1,119,119,119,119,119,119,119,119,119,119,119,119,-1
10376,Zeca,-1,119,119,119,-1,119,119,119,-1,-1,119,119,-1,119,119,119,119,119,-1,-1,-1,-1,-1,119,119,119,119,119,-1,-1,-1,-1,-1,-1,-1,-1,-1,-1
10375,Iago,-1,119,119,119,119,-1,-1,-1,-1,-1,-1,-1,-1,-1,-1,-1,-1,-1,-1,-1,-1,-1,-1,-1,-1,-1,-1,-1,-1,-1,-1,-1,-1,-1,-1,-1,-1,-1
10391,A. D'Alessandro,-1,119,119,119,-1,119,-1,119,-1,-1,-1,-1,119,-1,-1,-1,-1,-1,-1,-1,-1,-1,-1,119,-1,119,-1,119,-1,119,119,119,119,119,-1,-1,119,-1
10387,Edenílson,-1,119,119,119,119,119,119,119,-1,119,-1,-1,-1,-1,-1,119,-1,-1,119,119,119,119,119,119,119,119,119,119,119,-1,119,119,119,119,119,119,119,-1
10393,Rodrigo Dourado,-1,119,-1,-1,-1,-1,-1,-1,-1,-1,-1,-1,-1,-1,-1,-1,-1,-1,-1,-1,-1,-1,-1,-1,-1,-1,-1,-1,-1,-1,-1,-1,-1,-1,-1,-1,-1,-1
10388,Patrick,-1,119,-1,-1,-1,-1,-1,-1,-1,-1,-1,-1,119,-1,-1,119,119,-1,119,119,119,119,119,119,119,119,-1,119,-1,119,119,119,119,119,119,-1,-1,-1
10401,P. Guerrero,-1,119,119,119,119,119,-1,-1,-1,-1,-1,-1,119,-1,-1,119,-1,-1,119,119,-1,119,-1,-1,119,119,119,119,119,119,119,-1,119,119,119,119,119,-1
10402,N. López,-1,119,119,119,119,119,119,119,-1,-1,-1,-1,-1,-1,119,119,-1,-1,119,119,119,119,119,119,119,119,-1,-1,-1,-1,-1,-1,-1,119,-1,-1,-1,-1
10159,Rhodolfo,-1,127,-1,-1,-1,-1,-1,-1,-1,-1,-1,-1,-1,-1,-1,-1,127,-1,-1,-1,-1,-1,127,127,-1,-1,-1,-1,-1,-1,-1,127,-1,127,127,127,-1,-1
9985,Jorge,-1,128,128,-1,128,128,128,128,128,128,128,128,128,128,128,-1,-1,128,128,-1,128,128,128,128,-1,128,128,128,128,128,128,128,-1,-1,-1,-1,128,-1
10000,C. Sánchez,-1,128,128,128,128,128,-1,-1,128,128,128,128,128,128,-1,-1,128,128,128,-1,128,-1,128,-1,128,128,-1,128,128,128,128,128,128,128,128,-1,128,-1
10009,Rodrygo,-1,128,128,-1,128,-1,-1,-1,-1,-1,-1,-1,-1,-1,-1,-1,-1,-1,-1,-1,-1,-1,-1,-1,-1,-1,-1,-1,-1,-1,-1,-1,-1,-1,-1,-1,-1,-1
10563,Cláudio Winck,-1,133,-1,-1,-1,-1,-1,-1,-1,-1,-1,-1,-1,-1,-1,-1,-1,-1,-1,-1,-1,-1,-1,-1,-1,-1,-1,-1,-1,-1,-1,-1,-1,-1,-1,-1,-1,-1
10561,Henrique,-1,133,-1,133,-1,-1,-1,-1,-1,133,133,133,133,133,133,-1,133,-1,-1,133,-1,-1,-1,133,133,133,133,133,133,-1,-1,-1,-1,133,133,133,133,-1
10569,Fellipe Bastos,-1,133,-1,-1,-1,133,-1,-1,-1,-1,-1,-1,-1,-1,-1,-1,133,-1,-1,-1,-1,-1,-1,-1,-1,-1,-1,-1,-1,133,-1,-1,-1,-1,-1,-1,133,-1
10570,Yan Sasse,-1,133,-1,-1,133,-1,-1,-1,-1,133,-1,-1,-1,-1,-1,-1,-1,-1,-1,-1,-1,-1,-1,-1,-1,-1,-1,-1,-1,-1,-1,-1,-1,-1,-1,-1,-1,-1
9863,Réver,-1,1062,1062,1062,-1,1062,1062,1062,-1,1062,1062,1062,1062,1062,-1,1062,1062,1062,-1,-1,1062,-1,-1,1062,1062,1062,1062,1062,1062,1062,1062,1062,-1,1062,1062,1062,-1,-1
9872,Igor Rabello,-1,1062,1062,1062,1062,1062,1062,1062,-1,1062,1062,1062,1062,1062,1062,1062,1062,-1,1062,1062,1062,1062,1062,1062,1062,1062,1062,1062,1062,1062,1062,1062,-1,1062,1062,1062,-1,-1
9882,José Welison,-1,1062,-1,1062,1062,-1,1062,-1,-1,-1,-1,-1,-1,-1,1062,-1,-1,-1,-1,-1,-1,-1,-1,-1,-1,-1,-1,-1,1062,1062,1062,1062,1062,-1,1062,1062,1062,-1
10016,Paulinho,-1,-1,118,-1,-1,-1,-1,-1,-1,-1,-1,-1,-1,-1,-1,-1,-1,-1,-1,-1,-1,-1,-1,-1,-1,-1,-1,-1,-1,-1,-1,-1,-1,-1,-1,-1,-1,-1
10036,Douglas,-1,-1,118,118,118,118,118,118,-1,-1,-1,-1,-1,-1,-1,-1,-1,-1,-1,-1,-1,-1,-1,-1,-1,-1,-1,-1,-1,-1,-1,-1,-1,-1,-1,-1,-1,-1
10041,Gilberto,-1,-1,118,118,118,-1,-1,-1,-1,118,118,118,118,-1,118,118,118,118,118,118,118,118,-1,118,118,118,118,118,-1,-1,118,118,118,118,118,118,118,-1
10521,Luanderson,-1,-1,145,-1,-1,-1,-1,-1,145,-1,-1,-1,-1,-1,-1,-1,-1,-1,-1,-1,-1,-1,-1,-1,-1,145,145,145,145,145,145,145,145,145,-1,145,-1,-1
10541,Daniel Amorim,-1,-1,145,-1,-1,-1,-1,-1,-1,-1,-1,-1,-1,-1,-1,-1,-1,-1,-1,-1,-1,-1,-1,-1,-1,-1,-1,-1,-1,-1,-1,-1,-1,-1,-1,-1,-1,-1
10056,Fernando Costanza,-1,-1,120,120,120,120,120,120,-1,-1,-1,-1,-1,-1,-1,-1,120,120,120,-1,120,-1,120,120,-1,-1,-1,-1,120,120,-1,120,120,120,120,-1,-1,-1
10421,Nathan Otávio,-1,-1,154,-1,154,-1,-1,154,-1,-1,-1,-1,-1,-1,-1,-1,-1,-1,-1,-1,-1,-1,-1,-1,-1,-1,-1,-1,-1,-1,-1,-1,-1,-1,-1,-1,-1,-1
10287,Juninho,-1,-1,154,154,154,154,154,154,154,154,154,154,154,154,154,-1,154,-1,-1,154,154,154,154,154,-1,154,154,-1,154,154,154,154,154,154,154,154,-1,-1
10438,Romarinho,-1,-1,154,-1,-1,154,154,154,154,154,154,154,154,154,154,-1,-1,154,154,154,154,-1,154,-1,-1,154,154,154,154,154,154,154,154,154,154,154,154,-1
10277,Edinho,-1,-1,129,-1,-1,-1,-1,-1,-1,-1,-1,-1,-1,-1,-1,-1,-1,-1,-1,-1,-1,-1,-1,-1,-1,-1,-1,-1,-1,-1,-1,-1,-1,-1,-1,-1,-1,-1
80187,Fernando Sobral,-1,-1,129,129,129,129,129,129,-1,-1,-1,-1,-1,-1,-1,129,-1,-1,-1,-1,-1,-1,-1,-1,-1,-1,-1,-1,-1,-1,-1,-1,-1,-1,-1,-1,-1,-1
9883,Nathan,-1,-1,1062,-1,-1,-1,-1,-1,-1,-1,-1,-1,-1,-1,1062,-1,-1,-1,1062,1062,1062,1062,1062,1062,-1,1062,1062,1062,1062,-1,-1,-1,-1,-1,-1,-1,-1,-1
10189,Renato,-1,-1,132,-1,-1,-1,-1,-1,-1,-1,-1,-1,-1,-1,-1,-1,-1,-1,132,-1,-1,-1,-1,-1,-1,-1,-1,132,132,132,132,132,-1,132,132,-1,-1,-1
10116,Paulo André,-1,-1,134,-1,-1,-1,134,134,-1,-1,-1,-1,-1,-1,-1,-1,-1,-1,-1,-1,-1,-1,-1,-1,-1,-1,-1,-1,-1,-1,-1,-1,-1,-1,-1,-1,-1,-1
10119,Márcio Azevedo,-1,-1,134,134,134,134,134,-1,134,-1,134,-1,-1,-1,134,-1,-1,-1,-1,134,134,134,134,134,134,-1,-1,-1,134,134,134,134,-1,134,-1,134,-1,-1
10115,Robson Bambu,-1,-1,134,134,-1,-1,-1,-1,-1,134,-1,-1,-1,-1,-1,134,-1,-1,-1,-1,-1,-1,-1,-1,-1,-1,-1,-1,-1,-1,134,134,-1,-1,134,-1,-1,-1
10129,Léo Cittadini,-1,-1,134,134,-1,-1,134,-1,-1,-1,-1,-1,134,-1,134,-1,-1,-1,134,134,134,134,134,134,134,-1,134,-1,-1,134,-1,-1,-1,-1,134,-1,-1,-1
10130,Erick,-1,-1,134,-1,134,-1,-1,-1,-1,-1,-1,-1,-1,-1,-1,-1,-1,134,-1,-1,-1,-1,134,-1,-1,-1,-1,-1,-1,-1,-1,-1,-1,-1,134,-1,134,-1
10142,Marcelo Cirino,-1,-1,134,134,134,-1,-1,-1,134,-1,-1,134,-1,134,134,134,-1,134,-1,-1,134,134,134,134,134,134,-1,-1,-1,-1,134,134,-1,134,-1,134,-1,-1
10149,B. Romero,-1,-1,134,134,134,-1,-1,-1,-1,134,-1,-1,134,-1,-1,-1,134,134,134,-1,-1,-1,-1,-1,-1,-1,-1,-1,-1,-1,-1,-1,-1,-1,134,-1,134,-1
10147,Vitinho,-1,-1,134,-1,-1,-1,-1,-1,-1,134,-1,-1,-1,-1,134,-1,134,-1,-1,-1,-1,-1,-1,-1,-1,-1,-1,-1,-1,-1,-1,-1,134,-1,-1,-1,134,-1
10084,Egídio,-1,-1,135,135,135,135,-1,-1,135,-1,-1,135,135,135,-1,135,-1,-1,135,135,135,135,135,135,135,135,135,135,-1,135,-1,-1,135,135,135,135,-1,-1
2485,L. Orejuela,-1,-1,135,135,-1,-1,-1,-1,-1,-1,-1,135,135,135,135,135,-1,135,135,135,135,135,-1,-1,-1,135,135,135,135,-1,135,135,135,135,135,135,135,-1
10102,Lucas Silva,-1,-1,135,-1,-1,-1,-1,-1,-1,-1,-1,-1,-1,-1,-1,-1,-1,-1,-1,-1,-1,-1,-1,-1,-1,-1,-1,-1,-1,-1,-1,-1,-1,-1,-1,-1,-1,-1
10339,Daniel Guedes,-1,-1,151,151,151,151,151,151,151,151,151,-1,151,-1,-1,-1,-1,151,151,-1,-1,-1,-1,-1,-1,-1,-1,-1,-1,-1,-1,-1,-1,-1,-1,-1,-1,-1
2428,C. Cueva,-1,-1,128,-1,-1,-1,-1,-1,-1,-1,-1,-1,-1,-1,-1,-1,-1,-1,-1,-1,-1,-1,-1,-1,-1,-1,-1,-1,-1,-1,-1,-1,-1,-1,-1,-1,-1,-1
10477,Júlio César,-1,-1,130,-1,-1,-1,-1,-1,-1,130,130,-1,130,130,130,130,-1,-1,-1,-1,130,-1,-1,-1,-1,-1,-1,-1,-1,-1,-1,-1,-1,-1,-1,-1,-1,-1
10482,Léo Moura,-1,-1,130,-1,-1,-1,130,-1,130,130,130,-1,130,130,-1,-1,-1,-1,-1,-1,130,130,130,-1,130,-1,130,130,-1,130,-1,130,130,-1,130,-1,-1,-1
10330,Guilherme,-1,-1,124,-1,-1,-1,-1,-1,-1,-1,-1,-1,-1,-1,-1,-1,-1,-1,-1,-1,-1,-1,-1,-1,-1,-1,-1,-1,-1,-1,-1,-1,-1,-1,-1,-1,-1,-1
9932,Zé Rafael,-1,-1,121,121,121,121,121,121,121,121,-1,-1,121,-1,-1,-1,121,-1,121,-1,-1,-1,-1,121,121,121,-1,121,121,121,121,121,121,-1,-1,121,121,-1
10397,M. Sarrafiore,-1,-1,119,-1,-1,-1,-1,-1,119,-1,119,-1,-1,119,-1,-1,-1,-1,-1,-1,-1,-1,-1,-1,-1,-1,-1,-1,-1,-1,-1,-1,-1,-1,-1,-1,119,-1
9953,Anderson Martins,-1,-1,126,-1,-1,126,126,126,-1,-1,-1,126,-1,126,126,126,126,-1,-1,-1,-1,-1,126,-1,-1,-1,-1,-1,-1,-1,-1,-1,-1,-1,-1,-1,-1,-1
9947,Walce,-1,-1,126,126,-1,-1,-1,-1,-1,-1,-1,-1,-1,-1,-1,-1,-1,-1,-1,-1,-1,-1,-1,-1,-1,-1,-1,-1,-1,-1,-1,-1,-1,-1,-1,-1,126,-1
9964,Liziero,-1,-1,126,126,-1,-1,-1,-1,-1,-1,-1,126,-1,126,126,126,126,-1,-1,-1,-1,-1,126,126,-1,126,126,-1,-1,126,-1,-1,126,-1,-1,-1,126,-1
2424,M. Trauco,-1,-1,127,-1,-1,127,-1,-1,127,-1,127,-1,-1,-1,-1,-1,-1,-1,-1,-1,-1,-1,-1,-1,-1,-1,-1,-1,-1,-1,-1,-1,-1,-1,-1,-1,-1,-1
10157,Rodinei,-1,-1,127,-1,-1,-1,-1,127,-1,127,-1,-1,-1,127,-1,-1,-1,-1,-1,-1,127,-1,-1,-1,-1,127,-1,127,-1,-1,127,127,-1,127,-1,-1,127,-1
10165,Thuler,-1,-1,127,-1,127,-1,-1,127,-1,-1,-1,127,127,127,-1,-1,-1,-1,-1,-1,-1,-1,-1,-1,-1,-1,127,-1,-1,-1,-1,127,-1,-1,-1,127,-1,-1
10158,Matheus Dantas,-1,-1,127,-1,-1,-1,-1,-1,-1,-1,-1,-1,-1,-1,-1,-1,-1,-1,-1,-1,-1,-1,-1,-1,-1,-1,-1,-1,-1,-1,-1,-1,-1,-1,-1,-1,-1,-1
10171,Diego,-1,-1,127,-1,127,127,127,-1,127,127,-1,-1,-1,-1,-1,-1,-1,-1,-1,-1,-1,-1,-1,-1,-1,-1,-1,-1,-1,-1,-1,127,-1,127,-1,127,-1,-1
2511,R. Piris Da Motta,-1,-1,127,-1,127,-1,127,127,-1,-1,-1,127,-1,-1,127,-1,127,-1,-1,-1,127,-1,-1,-1,-1,127,-1,127,-1,-1,-1,127,-1,-1,-1,127,-1,-1
10167,Ronaldo,-1,-1,127,-1,-1,-1,-1,-1,-1,-1,-1,-1,-1,118,118,-1,118,-1,118,-1,-1,-1,118,118,-1,-1,-1,-1,-1,-1,-1,118,118,-1,118,-1,118,-1
10170,Hugo Moura,-1,-1,127,-1,-1,-1,-1,-1,-1,-1,-1,-1,-1,-1,-1,-1,-1,-1,-1,-1,-1,-1,-1,-1,-1,-1,-1,-1,-1,-1,-1,-1,-1,-1,-1,-1,-1,-1
10175,O. Berrío,-1,-1,127,-1,-1,-1,-1,-1,-1,-1,-1,-1,127,-1,127,-1,-1,-1,-1,-1,-1,-1,-1,-1,-1,-1,-1,-1,-1,-1,-1,-1,-1,-1,-1,-1,-1,-1
10178,Lincoln,-1,-1,127,-1,-1,-1,-1,-1,-1,-1,127,-1,-1,-1,-1,-1,-1,-1,-1,-1,-1,-1,-1,-1,-1,-1,-1,-1,-1,-1,-1,-1,-1,-1,-1,127,-1,-1
10548,Sidão,-1,-1,133,133,133,133,-1,-1,-1,133,-1,-1,-1,-1,-1,-1,-1,-1,-1,-1,-1,-1,-1,-1,-1,-1,-1,-1,-1,-1,-1,-1,-1,-1,-1,-1,-1,-1
10562,Luiz Gustavo,-1,-1,133,-1,-1,-1,-1,-1,-1,-1,-1,-1,-1,-1,-1,-1,-1,-1,-1,-1,-1,-1,-1,-1,-1,-1,-1,-1,-1,-1,-1,-1,-1,-1,-1,-1,-1,-1
10578,Rossi,-1,-1,133,133,133,133,133,133,133,-1,-1,-1,-1,-1,-1,133,133,133,133,-1,133,133,133,133,133,133,133,-1,133,133,133,133,133,-1,133,-1,133,-1
10236,Míchel,-1,-1,131,-1,-1,-1,131,-1,-1,-1,131,-1,131,-1,131,-1,131,-1,-1,-1,-1,-1,-1,-1,-1,-1,131,-1,-1,131,131,-1,-1,-1,-1,-1,-1,-1
10232,Marllon,-1,-1,131,-1,-1,-1,131,-1,-1,-1,-1,-1,-1,-1,-1,-1,-1,-1,-1,-1,-1,-1,-1,-1,-1,131,-1,-1,-1,-1,-1,-1,-1,-1,-1,-1,131,-1
10250,Jádson,-1,-1,131,131,-1,-1,131,131,-1,-1,-1,-1,-1,-1,-1,-1,131,-1,-1,-1,-1,-1,-1,-1,-1,-1,-1,-1,-1,-1,-1,-1,-1,-1,-1,-1,-1,-1
10240,Richard,-1,-1,131,-1,-1,-1,-1,-1,133,133,133,133,133,133,133,133,-1,133,133,133,-1,133,133,133,133,133,133,133,133,-1,133,133,133,133,133,133,-1,-1
10241,Mateus Vital,-1,-1,131,131,-1,131,-1,-1,-1,-1,131,-1,-1,131,-1,131,131,131,-1,131,-1,131,131,131,131,131,131,-1,131,131,-1,131,-1,-1,-1,131,131,-1
10261,Vágner Love,-1,-1,131,131,131,-1,-1,131,131,131,-1,131,131,-1,-1,131,131,-1,131,131,-1,131,131,131,-1,-1,131,-1,-1,-1,-1,-1,131,-1,-1,-1,131,-1
10256,André Luis,-1,-1,131,-1,-1,154,-1,154,154,154,-1,154,-1,-1,-1,154,154,-1,154,-1,-1,154,-1,154,154,-1,154,154,154,-1,154,154,154,-1,-1,-1,-1,-1
10038,Rogerio,-1,-1,-1,118,-1,-1,-1,-1,-1,-1,-1,-1,-1,-1,-1,-1,-1,-1,-1,-1,-1,-1,-1,-1,-1,-1,-1,-1,-1,-1,-1,-1,-1,-1,-1,-1,-1,-1
10519,Igor,-1,-1,-1,145,145,145,145,145,145,145,145,145,-1,145,145,145,145,145,145,145,145,145,145,145,-1,-1,-1,-1,145,145,145,145,145,145,-1,145,-1,-1
10523,Ricardo Thalheimer,-1,-1,-1,145,145,145,145,-1,-1,145,-1,-1,-1,-1,-1,145,145,145,145,-1,145,145,145,145,145,145,145,145,145,-1,145,-1,-1,-1,-1,-1,-1,-1
10532,Luanzinho,-1,-1,-1,145,-1,-1,-1,-1,-1,-1,-1,-1,-1,-1,-1,-1,-1,-1,-1,-1,-1,-1,-1,-1,-1,145,-1,-1,-1,-1,-1,145,-1,-1,-1,-1,145,-1
10449,Celsinho,-1,-1,-1,150,-1,-1,-1,150,150,-1,-1,-1,-1,-1,-1,-1,-1,-1,-1,-1,-1,-1,-1,150,-1,-1,150,150,150,150,-1,150,-1,-1,-1,-1,-1,-1
10028,Nilton,-1,-1,-1,150,150,-1,-1,150,150,-1,150,150,-1,-1,-1,-1,-1,-1,-1,-1,-1,-1,-1,-1,-1,-1,150,-1,-1,-1,-1,-1,-1,150,150,150,150,-1
10231,Henrique,-1,-1,-1,131,131,-1,131,131,-1,-1,-1,-1,-1,-1,-1,-1,-1,-1,-1,-1,-1,-1,-1,-1,-1,-1,-1,-1,-1,-1,-1,-1,-1,-1,-1,-1,-1,-1
10230,Danilo Avelar,-1,-1,-1,131,131,-1,131,131,131,131,131,131,131,-1,-1,131,131,-1,-1,131,131,131,131,131,-1,131,131,131,-1,131,131,131,131,131,-1,-1,-1,-1
10151,Diego Alves,-1,-1,-1,127,127,127,127,-1,127,127,127,127,127,127,127,127,127,127,127,127,127,127,127,127,127,127,127,-1,127,127,127,127,127,127,127,-1,127,-1
10177,Vitinho,-1,-1,-1,127,-1,-1,-1,127,-1,127,-1,-1,-1,-1,-1,-1,-1,-1,127,-1,-1,127,127,127,127,127,-1,-1,-1,127,127,-1,-1,-1,127,-1,-1,-1
10207,Augusto Cesar,-1,-1,-1,132,-1,-1,-1,-1,-1,-1,132,132,132,132,132,-1,-1,132,-1,-1,-1,-1,-1,-1,-1,-1,-1,-1,-1,-1,-1,-1,-1,-1,-1,-1,-1,-1
10202,Bryan,-1,-1,-1,132,-1,132,132,132,-1,-1,-1,-1,-1,-1,-1,-1,-1,-1,-1,-1,-1,132,-1,132,-1,-1,-1,-1,-1,-1,-1,-1,-1,-1,-1,-1,-1,-1
10311,Ganso,-1,-1,-1,124,-1,-1,124,124,124,-1,124,124,124,124,124,124,124,124,124,124,124,124,124,-1,124,124,-1,124,124,124,-1,124,124,124,-1,-1,-1,-1
10320,Daniel,-1,-1,-1,124,124,124,124,124,124,124,124,124,124,124,-1,-1,-1,-1,-1,-1,124,124,124,124,124,124,124,124,124,124,124,124,124,124,-1,124,124,-1
10321,Pedro,-1,-1,-1,124,124,-1,-1,-1,124,124,124,124,124,-1,-1,-1,-1,-1,-1,-1,-1,-1,-1,-1,-1,-1,-1,-1,-1,-1,-1,-1,-1,-1,-1,-1,-1,-1
10067,Alex Santana,-1,-1,-1,120,120,-1,120,120,120,120,120,120,-1,-1,120,120,120,120,-1,-1,-1,-1,-1,-1,-1,-1,-1,-1,-1,120,120,120,120,120,120,-1,-1,-1
10346,Marlone,-1,-1,-1,151,-1,-1,-1,-1,-1,-1,151,151,-1,-1,-1,151,-1,-1,-1,-1,-1,-1,-1,-1,-1,-1,-1,-1,-1,-1,-1,-1,-1,-1,-1,-1,-1,-1
10268,João Lucas,-1,-1,-1,129,129,129,-1,129,129,129,129,129,129,129,129,129,129,129,129,-1,129,129,129,129,129,129,129,129,-1,129,129,129,129,129,129,129,-1,-1
10091,Jádson,-1,-1,-1,135,-1,-1,-1,-1,135,135,135,-1,-1,-1,-1,-1,-1,-1,-1,-1,-1,135,135,-1,-1,-1,135,-1,-1,-1,-1,-1,-1,-1,-1,-1,135,-1
10554,Bruno Silva,-1,-1,-1,133,-1,-1,-1,-1,-1,-1,-1,-1,-1,-1,-1,-1,-1,-1,-1,-1,-1,-1,-1,-1,-1,-1,-1,-1,-1,-1,-1,-1,-1,-1,-1,-1,-1,-1
10113,Caio,-1,-1,-1,-1,134,-1,-1,-1,-1,134,-1,-1,134,-1,-1,-1,-1,-1,-1,-1,-1,-1,-1,-1,-1,-1,-1,-1,-1,-1,-1,-1,-1,-1,-1,-1,-1,-1
10117,Mádson,-1,-1,-1,-1,134,134,134,134,-1,134,-1,134,134,134,-1,134,134,134,134,134,134,134,134,134,134,134,-1,134,134,134,134,-1,134,-1,134,-1,-1,-1
10120,Lucas Halter,-1,-1,-1,-1,134,134,-1,-1,-1,-1,-1,-1,134,-1,134,-1,-1,-1,-1,134,134,-1,-1,-1,-1,-1,-1,-1,-1,-1,-1,-1,-1,-1,-1,-1,-1,-1
10138,Matheus Rossetto,-1,-1,-1,-1,134,-1,-1,-1,-1,134,-1,-1,134,-1,-1,-1,134,134,-1,-1,-1,-1,-1,-1,-1,-1,-1,-1,-1,-1,-1,-1,-1,-1,-1,-1,-1,-1
10493,Thonny Anderson,-1,-1,-1,-1,134,-1,134,-1,-1,134,-1,134,134,134,-1,-1,134,134,-1,-1,-1,-1,134,134,134,-1,-1,-1,134,-1,-1,134,134,-1,134,-1,-1,-1
10242,Júnior Urso,-1,-1,-1,-1,131,131,131,131,131,131,131,131,131,131,-1,131,131,131,-1,131,-1,-1,-1,-1,-1,-1,131,131,131,131,131,131,131,131,131,131,131,-1
9865,Patric,-1,-1,-1,-1,1062,1062,1062,1062,-1,-1,1062,1062,1062,-1,-1,1062,1062,1062,-1,1062,1062,-1,1062,1062,-1,-1,-1,-1,1062,1062,1062,1062,1062,1062,1062,1062,-1,-1
9880,J. Cazares,-1,-1,-1,-1,1062,1062,1062,1062,-1,1062,-1,1062,1062,1062,-1,1062,1062,-1,1062,1062,1062,-1,1062,1062,-1,-1,-1,-1,-1,1062,1062,-1,1062,1062,1062,1062,-1,-1
80184,Richard,-1,-1,-1,-1,129,-1,-1,-1,-1,-1,-1,-1,-1,-1,-1,-1,-1,-1,-1,-1,-1,-1,-1,-1,-1,-1,-1,-1,-1,-1,-1,-1,-1,-1,-1,-1,-1,-1
10269,Valdo,-1,-1,-1,-1,129,129,129,129,129,129,129,129,129,129,129,129,129,129,129,129,129,129,129,-1,-1,-1,129,129,129,129,129,-1,-1,129,129,-1,129,-1
80166,Thiago Galhardo,-1,-1,-1,-1,129,129,129,129,129,129,129,129,129,129,129,129,129,129,129,129,129,129,129,129,129,-1,129,129,-1,129,129,129,-1,129,129,129,129,-1
77665,Bergson,-1,-1,-1,-1,129,129,129,129,-1,-1,-1,-1,-1,-1,-1,-1,-1,-1,-1,129,-1,-1,-1,-1,-1,129,-1,129,129,129,-1,129,129,-1,-1,-1,-1,-1
10492,Thaciano,-1,-1,-1,-1,130,130,130,130,130,130,-1,-1,130,130,130,130,-1,-1,-1,-1,130,-1,-1,-1,-1,130,-1,130,-1,-1,-1,-1,-1,-1,-1,-1,-1,-1
10194,Rafael Pereira,-1,-1,-1,-1,132,-1,132,-1,-1,-1,-1,-1,-1,-1,-1,132,-1,132,132,132,132,132,132,132,-1,132,132,-1,132,132,132,-1,-1,-1,-1,-1,-1,-1
10200,Caique Sá,-1,-1,-1,-1,132,-1,-1,-1,-1,-1,-1,-1,-1,-1,-1,-1,-1,-1,-1,-1,-1,-1,-1,-1,-1,-1,-1,-1,-1,-1,-1,-1,-1,-1,-1,132,132,-1
10213,Elicarlos,-1,-1,-1,-1,132,132,132,132,-1,-1,-1,-1,-1,-1,-1,-1,-1,132,132,-1,132,132,132,132,132,132,132,-1,-1,-1,-1,-1,-1,-1,132,-1,132,-1
10217,Rildo,-1,-1,-1,-1,132,132,-1,-1,-1,-1,-1,-1,-1,-1,-1,-1,-1,-1,-1,-1,-1,-1,-1,-1,-1,-1,-1,-1,-1,-1,-1,-1,-1,-1,-1,-1,-1,-1
10299,Agenor,-1,-1,-1,-1,124,-1,124,124,124,124,-1,-1,-1,-1,-1,-1,-1,-1,-1,-1,-1,-1,-1,-1,-1,-1,-1,-1,-1,-1,-1,-1,-1,-1,-1,-1,-1,-1
10326,Leo Artur,-1,-1,-1,-1,124,124,-1,-1,-1,-1,-1,-1,-1,-1,-1,-1,-1,-1,-1,-1,-1,-1,-1,-1,-1,-1,-1,-1,-1,-1,-1,-1,-1,-1,-1,-1,-1,-1
10081,Rafael,-1,-1,-1,-1,135,-1,-1,-1,-1,135,135,-1,-1,-1,-1,-1,-1,-1,-1,-1,-1,-1,-1,-1,-1,-1,-1,-1,-1,-1,-1,-1,-1,-1,-1,-1,-1,-1
10361,Juninho Brandão,-1,-1,-1,-1,151,-1,-1,-1,-1,-1,-1,-1,-1,-1,-1,-1,-1,-1,-1,-1,-1,-1,-1,-1,-1,-1,-1,-1,-1,-1,-1,-1,-1,-1,-1,-1,-1,-1
9995,Alison,-1,-1,-1,-1,128,-1,-1,128,-1,-1,128,-1,-1,-1,128,-1,-1,128,128,128,-1,-1,-1,-1,-1,-1,-1,128,-1,-1,128,128,128,128,128,128,128,-1
2519,D. González,-1,-1,-1,-1,128,-1,-1,-1,-1,-1,128,128,128,128,-1,128,-1,-1,-1,128,-1,-1,-1,-1,-1,128,-1,-1,-1,-1,-1,-1,-1,128,-1,-1,-1,-1
9959,Hernanes,-1,-1,-1,-1,126,126,-1,126,126,126,126,-1,-1,-1,-1,-1,-1,-1,126,-1,126,126,126,126,126,-1,-1,-1,-1,-1,-1,-1,-1,-1,-1,-1,-1,-1
10019,Ezequiel,-1,-1,-1,-1,118,-1,-1,-1,118,118,118,-1,-1,118,-1,-1,-1,-1,-1,-1,-1,-1,-1,-1,-1,-1,-1,-1,-1,-1,-1,-1,-1,-1,-1,-1,-1,-1
10042,Elber,-1,-1,-1,-1,118,118,118,-1,-1,-1,-1,-1,118,118,-1,-1,118,-1,118,118,118,118,118,118,118,118,-1,118,118,118,118,118,118,118,118,118,118,-1
10573,Bruno César,-1,-1,-1,-1,133,-1,-1,-1,-1,-1,133,133,-1,-1,-1,-1,-1,-1,-1,-1,-1,-1,-1,-1,-1,-1,-1,-1,-1,133,-1,-1,-1,133,-1,-1,-1,-1
10571,Andrey,-1,-1,-1,-1,133,-1,133,133,-1,-1,-1,-1,-1,-1,133,-1,-1,-1,-1,133,-1,133,-1,133,-1,-1,-1,-1,-1,-1,-1,-1,-1,-1,133,133,-1,-1
10527,Caio Paulista,-1,-1,-1,-1,145,145,145,145,-1,-1,-1,-1,-1,145,145,145,145,145,145,145,145,145,145,145,145,-1,-1,-1,-1,-1,145,145,145,145,145,145,-1,-1
10368,Brenner,-1,-1,-1,-1,145,-1,145,-1,145,145,-1,-1,145,145,145,145,145,-1,-1,-1,-1,-1,-1,-1,-1,145,-1,-1,145,-1,-1,-1,-1,-1,-1,-1,-1,-1
10544,Lourenço,-1,-1,-1,-1,145,145,145,145,145,145,145,145,145,145,145,145,145,145,145,-1,145,-1,-1,145,145,145,145,-1,-1,-1,-1,145,145,145,-1,145,-1,-1
10315,Yuri,-1,-1,-1,-1,-1,124,124,124,124,124,124,-1,-1,124,-1,-1,-1,124,124,124,124,-1,124,-1,-1,-1,-1,124,124,124,124,124,124,-1,124,124,124,-1
10329,João Pedro,-1,-1,-1,-1,-1,124,124,124,124,124,-1,-1,-1,124,124,124,124,124,124,124,124,124,124,124,124,-1,-1,-1,-1,-1,-1,-1,-1,-1,-1,-1,-1,-1
10052,Marcelo Benevenuto,-1,-1,-1,-1,-1,120,-1,-1,-1,-1,-1,120,120,120,-1,-1,120,120,120,120,120,-1,120,-1,120,120,-1,-1,-1,-1,-1,-1,120,120,120,120,120,-1
10071,L. Valencia,-1,-1,-1,-1,-1,120,-1,-1,-1,-1,-1,-1,-1,-1,-1,-1,-1,-1,-1,-1,-1,-1,-1,120,-1,120,120,120,-1,120,120,120,-1,-1,-1,120,-1,-1
10073,Luiz Fernando,-1,-1,-1,-1,-1,120,120,120,120,120,120,120,120,120,120,120,120,120,120,-1,120,120,120,120,120,120,120,120,-1,120,-1,120,-1,-1,120,120,-1,-1
9962,Vitor Bueno,-1,-1,-1,-1,-1,126,126,-1,-1,-1,-1,126,-1,-1,-1,126,126,-1,-1,-1,-1,-1,-1,126,-1,126,126,126,126,126,126,126,126,126,126,126,-1,-1
10006,Arthur Gomes,-1,-1,-1,-1,-1,132,132,132,132,132,-1,132,132,132,132,132,132,-1,132,132,-1,-1,-1,-1,-1,-1,-1,-1,-1,-1,132,-1,132,-1,132,-1,132,-1
64288,Maranhão,-1,-1,-1,-1,-1,150,150,-1,-1,150,150,150,-1,150,-1,-1,-1,-1,-1,-1,-1,-1,-1,-1,-1,-1,-1,-1,-1,-1,-1,-1,-1,-1,-1,-1,-1,-1
10348,Yago Felipe,-1,-1,-1,-1,-1,151,-1,151,151,151,-1,-1,-1,151,151,151,151,151,151,151,151,151,151,151,151,151,151,151,151,-1,151,-1,-1,151,-1,151,151,-1
10564,Marcos Júnior,-1,-1,-1,-1,-1,133,133,133,133,-1,-1,-1,133,-1,133,133,133,133,133,-1,133,133,133,-1,-1,-1,-1,-1,-1,-1,133,133,133,133,-1,-1,-1,-1
10488,Rodrigues,-1,-1,-1,-1,-1,130,130,130,130,-1,-1,-1,-1,-1,-1,-1,-1,-1,-1,-1,130,-1,-1,-1,-1,-1,-1,-1,-1,-1,-1,-1,-1,-1,-1,-1,130,-1
9890,Jair,-1,-1,-1,-1,-1,1062,-1,-1,1062,1062,-1,1062,-1,-1,-1,1062,1062,-1,-1,-1,-1,-1,-1,-1,-1,-1,-1,-1,-1,-1,-1,1062,-1,1062,1062,1062,-1,-1
10404,Guilherme Parede,-1,-1,-1,-1,-1,119,119,-1,-1,119,-1,-1,-1,-1,119,-1,119,119,-1,-1,-1,-1,119,119,119,-1,119,119,119,-1,-1,-1,-1,-1,119,119,-1,-1
10134,L. González,-1,-1,-1,-1,-1,-1,134,134,134,-1,-1,-1,134,-1,-1,-1,134,134,-1,-1,-1,134,-1,134,-1,-1,-1,-1,-1,-1,-1,-1,-1,134,-1,134,-1,-1
10300,Igor Julião,-1,-1,-1,-1,-1,-1,124,124,-1,-1,-1,124,124,124,-1,124,-1,-1,-1,-1,-1,-1,-1,-1,-1,-1,-1,-1,-1,-1,-1,-1,-1,-1,-1,-1,124,-1
9893,Alerrandro,-1,-1,-1,-1,-1,-1,1062,1062,-1,1062,1062,-1,-1,-1,1062,-1,-1,-1,1062,-1,-1,-1,-1,-1,-1,-1,-1,-1,-1,-1,-1,-1,-1,-1,-1,-1,-1,-1
10500,Pepê,-1,-1,-1,-1,-1,-1,130,-1,130,130,130,-1,130,130,130,-1,-1,-1,-1,-1,130,-1,130,130,-1,130,-1,-1,-1,-1,-1,-1,-1,-1,130,130,130,-1
10579,Tiago Reis,-1,-1,-1,-1,-1,-1,133,133,-1,-1,-1,-1,-1,-1,-1,-1,-1,-1,-1,-1,-1,-1,-1,-1,-1,-1,-1,-1,-1,-1,-1,-1,-1,-1,-1,-1,-1,-1
10283,Pedro Ken,-1,-1,-1,-1,-1,-1,129,-1,-1,-1,-1,-1,-1,-1,-1,129,-1,-1,-1,-1,-1,-1,129,-1,129,129,-1,-1,129,-1,-1,-1,-1,129,-1,-1,-1,-1
9978,Everson,-1,-1,-1,-1,-1,-1,128,128,128,128,128,128,128,128,128,128,128,128,128,128,128,128,128,128,128,128,128,128,128,128,128,128,128,128,128,128,128,-1
10182,F. Uribe,-1,-1,-1,-1,-1,-1,128,-1,128,128,-1,-1,-1,-1,-1,-1,128,-1,-1,128,-1,-1,-1,-1,-1,-1,-1,-1,-1,-1,-1,-1,-1,-1,-1,-1,-1,-1
10005,J. Copete,-1,-1,-1,-1,-1,-1,128,-1,-1,-1,-1,-1,-1,-1,-1,-1,-1,-1,-1,-1,-1,-1,-1,-1,-1,-1,-1,-1,-1,-1,-1,-1,-1,-1,-1,-1,-1,-1
12744,Gil,-1,-1,-1,-1,-1,-1,131,-1,131,131,131,131,131,131,131,131,131,131,131,131,131,131,131,131,131,-1,131,131,131,131,131,131,131,131,131,131,131,-1
10247,Gabriel,-1,-1,-1,-1,-1,-1,131,-1,-1,131,131,131,131,131,-1,-1,131,131,-1,-1,-1,-1,-1,131,-1,-1,-1,-1,-1,131,131,-1,131,131,131,131,131,-1
10343,Fábio Sanches,-1,-1,-1,-1,-1,-1,151,-1,-1,-1,-1,-1,151,151,151,151,151,151,151,151,151,151,151,151,151,151,151,151,151,-1,151,151,151,151,151,151,151,-1
10344,Rafael Vaz,-1,-1,-1,-1,-1,-1,151,151,151,151,151,151,-1,151,151,151,151,151,151,151,151,151,151,151,151,151,151,151,151,151,151,151,151,151,151,151,151,-1
10410,Marcelo Boeck,-1,-1,-1,-1,-1,-1,154,-1,-1,-1,-1,-1,-1,-1,-1,-1,-1,-1,-1,154,154,154,154,154,-1,-1,-1,-1,-1,-1,-1,-1,-1,-1,-1,-1,-1,-1
10416,Bruno Melo,-1,-1,-1,-1,-1,-1,154,-1,-1,-1,-1,-1,154,154,-1,154,154,-1,-1,-1,-1,-1,-1,-1,154,-1,-1,154,-1,154,154,-1,154,154,154,-1,154,-1
10543,Matheus Matias,-1,-1,-1,-1,-1,-1,145,-1,-1,-1,-1,-1,-1,-1,-1,-1,-1,-1,-1,-1,-1,-1,-1,-1,-1,-1,-1,-1,-1,-1,-1,-1,-1,-1,-1,-1,-1,-1
9957,Luan,-1,-1,-1,-1,-1,-1,126,126,126,126,126,-1,126,-1,-1,-1,-1,-1,126,126,126,126,126,126,126,126,-1,126,-1,-1,-1,-1,-1,-1,126,-1,126,-1
119666,Rick,-1,-1,-1,-1,-1,-1,-1,129,129,-1,-1,-1,-1,-1,-1,-1,-1,-1,-1,-1,-1,-1,-1,-1,-1,-1,-1,-1,-1,-1,-1,-1,-1,-1,-1,-1,-1,-1
10103,Sassá,-1,-1,-1,-1,-1,-1,-1,135,-1,135,-1,-1,135,-1,-1,-1,-1,-1,-1,-1,135,-1,135,-1,-1,-1,-1,-1,-1,135,-1,135,135,-1,-1,-1,-1,-1
10226,Walter,-1,-1,-1,-1,-1,-1,-1,131,-1,-1,-1,-1,-1,131,-1,-1,-1,-1,-1,-1,-1,-1,-1,-1,-1,131,-1,-1,-1,131,131,-1,-1,-1,-1,-1,-1,-1
10257,Gustavo,-1,-1,-1,-1,-1,-1,-1,131,-1,-1,-1,-1,-1,-1,-1,-1,-1,131,-1,-1,-1,-1,-1,-1,131,131,-1,131,131,-1,-1,-1,131,131,131,-1,-1,-1
9963,J. Gómez,-1,-1,-1,-1,-1,-1,-1,150,150,-1,150,150,150,150,150,150,150,-1,150,150,150,150,150,150,150,150,150,150,150,-1,150,-1,150,150,-1,150,-1,-1
10045,Diego Cavalieri,-1,-1,-1,-1,-1,-1,-1,120,-1,-1,-1,-1,-1,-1,-1,-1,120,-1,-1,-1,-1,-1,120,120,120,-1,-1,-1,-1,-1,-1,120,-1,-1,-1,-1,120,-1
10303,Frazan,-1,-1,-1,-1,-1,-1,-1,124,-1,-1,-1,-1,-1,-1,-1,-1,-1,-1,124,-1,-1,-1,124,-1,124,124,-1,-1,-1,-1,-1,-1,-1,-1,-1,-1,-1,-1
9975,Brenner,-1,-1,-1,-1,-1,-1,-1,124,-1,-1,-1,-1,-1,-1,-1,-1,-1,-1,-1,-1,-1,-1,-1,-1,-1,-1,-1,-1,-1,-1,-1,-1,-1,-1,-1,-1,-1,-1
10429,Marlon,-1,-1,-1,-1,-1,-1,-1,154,-1,-1,-1,-1,-1,-1,-1,-1,-1,-1,-1,-1,-1,-1,-1,-1,154,-1,-1,-1,-1,154,-1,-1,-1,-1,-1,-1,-1,-1
10506,Marinho,-1,-1,-1,-1,-1,-1,-1,128,-1,-1,-1,-1,-1,-1,128,-1,128,128,128,-1,-1,-1,128,128,-1,128,-1,128,128,128,128,128,128,-1,128,128,128,-1
10547,Fernando Miguel,-1,-1,-1,-1,-1,-1,-1,133,133,-1,133,133,133,133,133,133,133,133,133,133,133,133,133,133,133,133,133,133,133,133,133,133,133,133,133,133,133,-1
10558,O. Henríquez,-1,-1,-1,-1,-1,-1,-1,133,133,133,133,133,133,133,133,133,133,133,133,133,-1,133,133,133,133,133,-1,-1,133,133,133,133,133,133,133,-1,133,-1
10332,Marcos Calazans,-1,-1,-1,-1,-1,-1,-1,-1,126,-1,-1,-1,-1,-1,-1,-1,-1,-1,-1,-1,-1,-1,-1,-1,-1,-1,-1,-1,-1,-1,-1,-1,-1,-1,-1,-1,-1,-1
10270,Ernandes,-1,-1,-1,-1,-1,-1,-1,-1,132,-1,-1,-1,-1,-1,-1,-1,-1,-1,-1,-1,-1,-1,-1,-1,-1,-1,-1,-1,-1,-1,-1,-1,-1,-1,-1,-1,-1,-1
10322,Marcos Paulo,-1,-1,-1,-1,-1,-1,-1,-1,124,-1,124,124,124,124,-1,-1,-1,-1,-1,-1,-1,-1,-1,-1,-1,-1,124,124,124,124,124,124,124,124,124,124,124,-1
10454,Leandro Souza,-1,-1,-1,-1,-1,-1,-1,-1,150,-1,-1,-1,-1,-1,-1,-1,-1,-1,-1,-1,-1,-1,-1,-1,-1,-1,-1,-1,-1,-1,-1,-1,-1,-1,-1,-1,-1,-1
10463,Victor,-1,-1,-1,-1,-1,-1,-1,-1,150,-1,-1,-1,-1,-1,-1,-1,-1,-1,-1,-1,-1,-1,-1,-1,-1,-1,-1,-1,-1,-1,-1,-1,-1,-1,-1,-1,-1,-1
10428,Dodô,-1,-1,-1,-1,-1,-1,-1,-1,154,-1,-1,-1,-1,-1,-1,-1,-1,-1,-1,-1,-1,-1,-1,-1,-1,-1,-1,-1,-1,-1,-1,-1,-1,-1,-1,-1,-1,-1
10126,Abner Felipe,-1,-1,-1,-1,-1,-1,-1,-1,134,134,-1,-1,-1,-1,-1,-1,-1,-1,-1,-1,-1,-1,-1,-1,-1,-1,-1,-1,-1,-1,-1,-1,-1,-1,-1,-1,-1,-1
10144,Bruno Nazário,-1,-1,-1,-1,-1,-1,-1,-1,134,134,134,-1,-1,-1,-1,-1,-1,-1,-1,-1,-1,-1,-1,-1,-1,134,-1,134,-1,-1,134,-1,-1,-1,-1,-1,-1,-1
10020,Jackson,-1,-1,-1,-1,-1,-1,-1,-1,118,-1,-1,-1,-1,-1,154,154,154,154,154,154,154,154,-1,154,-1,-1,-1,-1,154,-1,154,-1,-1,-1,-1,-1,-1,-1
10033,Flavio,-1,-1,-1,-1,-1,-1,-1,-1,118,118,118,118,118,118,118,118,118,118,118,118,118,118,118,118,118,118,118,118,118,118,118,118,-1,118,118,118,-1,-1
10530,Julinho,-1,-1,-1,-1,-1,-1,-1,-1,145,145,-1,-1,-1,-1,-1,-1,-1,-1,-1,-1,-1,-1,-1,-1,-1,-1,145,145,-1,145,-1,-1,-1,-1,-1,-1,-1,-1
10233,B. Méndez,-1,-1,-1,-1,-1,-1,-1,-1,131,-1,-1,-1,-1,-1,-1,-1,-1,131,-1,-1,-1,-1,-1,-1,131,131,-1,-1,131,-1,-1,-1,-1,-1,-1,-1,-1,-1
10384,Heitor,-1,-1,-1,-1,-1,-1,-1,-1,-1,119,-1,-1,-1,-1,-1,-1,119,119,-1,-1,119,119,119,119,119,119,119,119,-1,119,119,119,119,119,119,119,119,-1
10392,Rithely,-1,-1,-1,-1,-1,-1,-1,-1,-1,119,119,119,119,119,119,-1,-1,119,-1,-1,-1,-1,-1,-1,-1,-1,-1,-1,-1,-1,-1,-1,-1,-1,-1,-1,-1,-1
1065,Natanael Pimienta,-1,-1,-1,-1,-1,-1,-1,-1,-1,119,119,119,-1,119,119,-1,-1,-1,-1,-1,-1,-1,-1,-1,-1,-1,-1,-1,-1,-1,-1,-1,-1,-1,-1,-1,119,-1
10407,S. Tréllez,-1,-1,-1,-1,-1,-1,-1,-1,-1,119,119,119,-1,119,-1,-1,-1,-1,-1,-1,-1,-1,-1,-1,-1,-1,-1,-1,-1,-1,-1,-1,-1,-1,-1,-1,-1,-1
9912,Juninho,-1,-1,-1,-1,-1,-1,-1,-1,-1,118,118,118,-1,118,118,118,118,118,118,118,118,118,118,118,118,118,118,118,118,118,118,-1,118,118,118,118,118,-1
10025,Shaylon,-1,-1,-1,-1,-1,-1,-1,-1,-1,118,-1,-1,-1,-1,-1,-1,-1,-1,-1,-1,-1,-1,-1,-1,-1,-1,-1,-1,-1,-1,-1,-1,-1,-1,-1,-1,-1,-1
9862,Cleiton,-1,-1,-1,-1,-1,-1,-1,-1,-1,1062,1062,1062,1062,1062,1062,1062,-1,1062,1062,1062,1062,1062,-1,-1,1062,1062,1062,1062,1062,1062,1062,1062,1062,1062,1062,1062,-1,-1
51597,L. Hernández,-1,-1,-1,-1,-1,-1,-1,-1,-1,1062,-1,-1,-1,-1,1062,-1,-1,-1,1062,-1,-1,-1,-1,-1,-1,-1,-1,-1,-1,-1,-1,-1,-1,-1,-1,-1,1062,-1
9886,Vinícius Goes,-1,-1,-1,-1,-1,-1,-1,-1,-1,1062,1062,1062,1062,1062,-1,1062,1062,1062,-1,-1,-1,-1,1062,-1,1062,-1,1062,-1,-1,-1,-1,-1,-1,-1,-1,-1,1062,-1
44494,R. Otero,-1,-1,-1,-1,-1,-1,-1,-1,-1,1062,1062,-1,-1,-1,1062,-1,-1,-1,-1,1062,-1,1062,-1,-1,-1,1062,1062,1062,-1,1062,1062,-1,1062,1062,-1,1062,1062,-1
70593,R. Martínez,-1,-1,-1,-1,-1,-1,-1,-1,-1,1062,1062,-1,1062,1062,-1,-1,-1,1062,1062,-1,-1,-1,-1,-1,-1,-1,-1,-1,-1,-1,1062,-1,-1,-1,-1,-1,1062,-1
9341,Alan Costa,-1,-1,-1,-1,-1,-1,-1,-1,-1,150,150,150,150,150,150,150,150,-1,150,150,150,150,-1,-1,150,150,150,150,150,150,150,150,150,150,150,-1,150,-1
10458,Rafinha,-1,-1,-1,-1,-1,-1,-1,-1,-1,150,-1,-1,-1,-1,-1,-1,-1,-1,-1,-1,-1,-1,-1,-1,-1,-1,-1,-1,-1,-1,-1,-1,-1,150,150,150,150,-1
9687,Alecsandro,-1,-1,-1,-1,-1,-1,-1,-1,-1,150,-1,150,150,150,150,150,150,-1,150,150,-1,-1,-1,150,150,150,-1,-1,-1,150,-1,-1,-1,-1,-1,-1,-1,-1
115530,Weverton,-1,-1,-1,-1,-1,-1,-1,-1,-1,135,135,-1,-1,-1,-1,-1,-1,-1,-1,-1,-1,-1,-1,-1,-1,-1,-1,-1,-1,-1,-1,-1,-1,-1,-1,-1,-1,-1
10105,David,-1,-1,-1,-1,-1,-1,-1,-1,-1,135,135,-1,-1,135,135,135,135,135,135,135,135,135,135,135,135,-1,135,135,135,135,-1,135,135,-1,135,135,-1,-1
500,Rafinha,-1,-1,-1,-1,-1,-1,-1,-1,-1,127,127,127,127,-1,-1,127,127,127,127,127,-1,127,127,127,-1,-1,127,-1,127,127,-1,-1,127,-1,127,127,-1,-1
10307,Digão,-1,-1,-1,-1,-1,-1,-1,-1,-1,124,-1,124,124,-1,124,124,124,124,124,124,-1,124,-1,124,-1,-1,124,124,124,124,124,124,124,124,-1,124,-1,-1
77714,Willian Oliveira,-1,-1,-1,-1,-1,-1,-1,-1,-1,129,-1,-1,-1,-1,-1,-1,-1,-1,129,-1,-1,-1,129,-1,129,129,129,129,-1,129,-1,-1,-1,-1,129,-1,129,-1
10003,Felippe Cardoso,-1,-1,-1,-1,-1,-1,-1,-1,-1,129,129,129,129,129,129,129,129,129,129,-1,129,-1,129,-1,-1,-1,-1,-1,-1,-1,129,-1,-1,-1,-1,-1,-1,-1
80312,Léo,-1,-1,-1,-1,-1,-1,-1,-1,-1,145,145,145,145,-1,145,-1,-1,-1,145,-1,145,145,-1,-1,-1,-1,-1,145,145,145,-1,-1,-1,145,145,-1,145,-1
10529,Douglas,-1,-1,-1,-1,-1,-1,-1,-1,-1,145,-1,-1,-1,-1,-1,-1,-1,-1,-1,-1,-1,145,145,-1,-1,-1,-1,-1,-1,-1,-1,-1,-1,-1,-1,-1,-1,-1
10066,Gustavo Ferrareis,-1,-1,-1,-1,-1,-1,-1,-1,-1,145,145,145,-1,-1,-1,-1,-1,-1,-1,145,-1,-1,-1,-1,-1,-1,-1,-1,-1,-1,-1,-1,-1,-1,-1,-1,-1,-1
50081,David Braz,-1,-1,-1,-1,-1,-1,-1,-1,-1,130,-1,-1,130,130,130,130,-1,130,130,130,-1,130,130,130,-1,130,-1,130,-1,-1,130,130,-1,-1,-1,130,-1,-1
10132,Marquinho,-1,-1,-1,-1,-1,-1,-1,-1,-1,133,133,133,-1,133,-1,-1,-1,-1,-1,-1,-1,-1,-1,-1,-1,-1,-1,-1,-1,-1,-1,-1,-1,-1,-1,-1,-1,-1
10567,Valdívia,-1,-1,-1,-1,-1,-1,-1,-1,-1,133,133,-1,-1,-1,-1,-1,-1,-1,-1,-1,-1,-1,-1,-1,-1,-1,-1,-1,-1,-1,-1,-1,-1,-1,-1,-1,-1,-1
9976,Pablo,-1,-1,-1,-1,-1,-1,-1,-1,-1,126,-1,-1,-1,-1,-1,-1,-1,-1,126,126,126,126,126,-1,-1,-1,-1,-1,-1,126,126,126,-1,126,126,126,-1,-1
10358,Renatinho,-1,-1,-1,-1,-1,-1,-1,-1,-1,-1,151,-1,-1,-1,-1,-1,151,-1,-1,-1,-1,-1,-1,-1,-1,-1,-1,-1,-1,-1,-1,-1,-1,-1,-1,-1,-1,-1
9706,Giovanni,-1,-1,-1,-1,-1,-1,-1,-1,-1,-1,118,118,118,-1,118,-1,-1,-1,-1,-1,-1,-1,-1,118,118,118,118,-1,-1,-1,-1,-1,-1,-1,-1,-1,-1,-1
10089,Fabrício Bruno,-1,-1,-1,-1,-1,-1,-1,-1,-1,-1,135,-1,-1,135,135,135,-1,-1,135,135,135,135,135,135,135,135,135,135,-1,135,135,135,135,-1,-1,-1,-1,-1
10085,Cacá,-1,-1,-1,-1,-1,-1,-1,-1,-1,-1,135,-1,-1,-1,135,-1,135,135,135,-1,-1,135,-1,-1,-1,-1,135,135,135,135,135,135,135,135,135,135,135,-1
10097,Éderson,-1,-1,-1,-1,-1,-1,-1,-1,-1,-1,135,-1,-1,-1,-1,-1,-1,135,135,135,135,135,-1,135,135,135,-1,135,135,135,135,135,135,135,135,135,135,-1
106485,Mauricio,-1,-1,-1,-1,-1,-1,-1,-1,-1,-1,135,-1,-1,-1,-1,-1,-1,-1,-1,-1,-1,-1,-1,-1,-1,-1,-1,-1,-1,-1,-1,-1,-1,-1,-1,-1,-1,-1
77669,Felipe Silva,-1,-1,-1,-1,-1,-1,-1,-1,-1,-1,129,-1,-1,-1,-1,-1,-1,-1,-1,129,-1,-1,-1,129,129,129,129,129,129,129,129,129,129,129,129,129,129,-1
80171,Mateus Gonçalves,-1,-1,-1,-1,-1,-1,-1,-1,-1,-1,129,-1,-1,-1,-1,129,-1,-1,-1,-1,129,129,129,129,-1,-1,-1,-1,-1,-1,-1,-1,-1,-1,-1,-1,129,-1
30408,Gerson,-1,-1,-1,-1,-1,-1,-1,-1,-1,-1,127,127,127,127,127,127,127,127,127,127,-1,127,127,127,127,127,127,-1,127,127,127,-1,127,-1,127,-1,127,-1
10445,Ronaldo Alves,-1,-1,-1,-1,-1,-1,-1,-1,-1,-1,150,-1,-1,-1,-1,150,-1,-1,-1,-1,-1,-1,150,150,-1,-1,-1,-1,-1,150,-1,-1,-1,-1,-1,-1,-1,-1
41277,Jean Cleber,-1,-1,-1,-1,-1,-1,-1,-1,-1,-1,150,-1,150,-1,150,-1,-1,-1,-1,150,-1,-1,150,150,-1,-1,-1,-1,-1,150,150,-1,150,-1,150,150,-1,-1
10374,Danilo Fernandes,-1,-1,-1,-1,-1,-1,-1,-1,-1,-1,119,-1,-1,119,-1,-1,-1,119,-1,-1,-1,-1,-1,-1,-1,-1,-1,-1,-1,119,-1,-1,-1,-1,-1,-1,-1,-1
10398,Wellington Silva,-1,-1,-1,-1,-1,-1,-1,-1,-1,-1,119,119,-1,119,119,-1,-1,-1,119,-1,-1,-1,-1,-1,-1,-1,119,-1,119,-1,-1,-1,-1,-1,-1,-1,-1,-1
10483,Paulo Miranda,-1,-1,-1,-1,-1,-1,-1,-1,-1,-1,130,-1,130,130,130,130,-1,130,-1,-1,130,-1,-1,-1,-1,130,-1,130,-1,-1,-1,-1,-1,-1,-1,-1,-1,-1
10484,Rafael Galhardo,-1,-1,-1,-1,-1,-1,-1,-1,-1,-1,130,-1,130,-1,130,130,130,130,130,130,-1,-1,-1,130,-1,130,-1,-1,130,-1,130,-1,-1,130,-1,130,-1,-1
10108,Raniel,-1,-1,-1,-1,-1,-1,-1,-1,-1,-1,126,126,126,126,126,-1,126,-1,-1,-1,-1,-1,-1,-1,-1,-1,-1,-1,126,-1,-1,-1,-1,-1,-1,-1,-1,-1
10205,Amaral,-1,-1,-1,-1,-1,-1,-1,-1,-1,-1,132,-1,-1,-1,-1,-1,-1,132,-1,132,-1,-1,-1,-1,132,-1,-1,-1,-1,132,132,132,-1,132,132,132,-1,-1
9726,Renato Kayzer,-1,-1,-1,-1,-1,-1,-1,-1,-1,-1,132,-1,-1,-1,-1,-1,-1,-1,-1,-1,-1,132,-1,-1,-1,-1,-1,-1,-1,-1,-1,-1,-1,-1,-1,132,-1,-1
10553,Leandro Castán,-1,-1,-1,-1,-1,-1,-1,-1,-1,-1,133,133,133,133,133,-1,133,133,133,133,133,133,-1,133,133,133,133,133,133,133,-1,-1,-1,133,133,-1,133,-1
9970,Nenê,-1,-1,-1,-1,-1,-1,-1,-1,-1,-1,124,-1,-1,-1,124,124,124,124,124,124,124,124,124,124,124,124,124,124,-1,-1,124,-1,-1,-1,124,124,124,-1
41247,Henrique Almeida,-1,-1,-1,-1,-1,-1,-1,-1,-1,-1,-1,132,132,-1,-1,-1,-1,-1,-1,-1,-1,-1,-1,132,132,132,132,132,-1,132,-1,132,-1,132,-1,-1,-1,-1
42163,Lucca,-1,-1,-1,-1,-1,-1,-1,-1,-1,-1,-1,118,118,118,118,118,118,118,-1,-1,-1,-1,-1,-1,-1,-1,-1,-1,-1,-1,-1,-1,118,118,-1,-1,-1,-1
63981,João Vitor,-1,-1,-1,-1,-1,-1,-1,-1,-1,-1,-1,150,150,150,150,-1,150,-1,150,-1,150,-1,-1,-1,150,150,-1,150,150,150,150,150,150,150,150,150,-1,-1
10499,Darlan Mendes,-1,-1,-1,-1,-1,-1,-1,-1,-1,-1,-1,130,130,130,-1,-1,-1,-1,-1,-1,130,-1,-1,-1,-1,-1,-1,-1,-1,-1,130,-1,-1,-1,-1,-1,130,-1
46792,Pablo Marí,-1,-1,-1,-1,-1,-1,-1,-1,-1,-1,-1,127,127,127,127,127,127,127,127,127,127,127,127,127,127,127,-1,127,127,127,127,-1,127,-1,-1,-1,127,-1
41227,Muriel,-1,-1,-1,-1,-1,-1,-1,-1,-1,-1,-1,124,124,124,124,124,124,124,124,124,124,124,124,124,124,124,124,124,124,124,124,-1,-1,-1,-1,-1,-1,-1
10380,Klaus,-1,-1,-1,-1,-1,-1,-1,-1,-1,-1,-1,119,-1,119,119,-1,119,119,-1,-1,-1,-1,-1,-1,-1,-1,-1,-1,-1,-1,-1,-1,-1,-1,-1,-1,-1,-1
10379,Bruno Fuchs,-1,-1,-1,-1,-1,-1,-1,-1,-1,-1,-1,119,-1,-1,-1,-1,-1,-1,-1,-1,119,119,-1,-1,119,119,119,-1,-1,119,-1,-1,-1,-1,-1,-1,119,-1
9931,Jean,-1,-1,-1,-1,-1,-1,-1,-1,-1,-1,-1,121,-1,-1,-1,-1,-1,-1,-1,121,-1,-1,-1,-1,-1,121,121,-1,-1,-1,-1,-1,-1,-1,-1,-1,-1,-1
9938,Arthur Cabral,-1,-1,-1,-1,-1,-1,-1,-1,-1,-1,-1,121,-1,-1,-1,-1,-1,-1,-1,-1,-1,-1,-1,-1,-1,-1,-1,-1,-1,-1,-1,-1,-1,-1,-1,-1,-1,-1
10509,Lucas Frigeri,-1,-1,-1,-1,-1,-1,-1,-1,-1,-1,-1,145,-1,-1,-1,-1,-1,-1,-1,-1,145,-1,-1,-1,-1,-1,-1,-1,-1,145,-1,-1,-1,-1,-1,-1,145,-1
70796,R. Franco,-1,-1,-1,-1,-1,-1,-1,-1,-1,-1,-1,145,145,145,145,145,145,145,145,145,145,145,145,145,145,145,145,145,145,145,-1,145,145,145,145,145,145,-1
14487,Bruno Sávio,-1,-1,-1,-1,-1,-1,-1,-1,-1,-1,-1,145,145,-1,-1,-1,-1,-1,-1,-1,-1,-1,-1,-1,-1,-1,-1,-1,-1,-1,-1,-1,-1,-1,-1,-1,-1,-1
1977,Adriano,-1,-1,-1,-1,-1,-1,-1,-1,-1,-1,-1,-1,134,134,-1,134,134,-1,-1,-1,-1,-1,-1,-1,-1,134,134,134,-1,-1,-1,-1,-1,-1,-1,-1,-1,-1
256,Dani Alves,-1,-1,-1,-1,-1,-1,-1,-1,-1,-1,-1,-1,126,126,126,126,-1,-1,126,126,126,126,-1,-1,126,126,-1,126,126,126,126,126,126,126,126,126,-1,-1
34,Filipe Luís,-1,-1,-1,-1,-1,-1,-1,-1,-1,-1,-1,-1,127,127,-1,127,127,127,127,127,-1,-1,-1,-1,-1,127,127,127,-1,-1,127,-1,127,-1,127,-1,127,-1
50532,Lima,-1,-1,-1,-1,-1,-1,-1,-1,-1,-1,-1,-1,129,129,129,-1,129,129,129,-1,129,129,-1,-1,129,129,129,-1,-1,-1,-1,-1,-1,-1,129,129,-1,-1
9936,Willian,-1,-1,-1,-1,-1,-1,-1,-1,-1,-1,-1,-1,121,-1,121,121,-1,121,121,121,-1,121,121,-1,-1,121,-1,-1,-1,121,-1,-1,-1,121,-1,-1,-1,-1
125677,José Gabriel,-1,-1,-1,-1,-1,-1,-1,-1,-1,-1,-1,-1,119,-1,-1,-1,-1,-1,-1,-1,-1,-1,-1,-1,-1,-1,-1,-1,-1,-1,-1,-1,-1,-1,-1,-1,-1,-1
42100,Maurício Ramos,-1,-1,-1,-1,-1,-1,-1,-1,-1,-1,-1,-1,132,132,132,132,132,132,-1,-1,-1,-1,-1,-1,-1,-1,132,132,-1,-1,-1,-1,-1,132,-1,132,132,-1
70299,Talles Magno,-1,-1,-1,-1,-1,-1,-1,-1,-1,-1,-1,-1,133,133,133,133,-1,133,133,133,133,133,133,133,-1,-1,-1,-1,-1,-1,-1,-1,-1,-1,-1,-1,-1,-1
9700,Abner,-1,-1,-1,-1,-1,-1,-1,-1,-1,-1,-1,-1,-1,134,-1,-1,-1,134,134,-1,-1,-1,-1,-1,-1,-1,-1,-1,-1,-1,-1,-1,134,-1,134,-1,134,-1
80186,Cristovam,-1,-1,-1,-1,-1,-1,-1,-1,-1,-1,-1,-1,-1,129,-1,129,-1,-1,129,-1,-1,-1,-1,-1,-1,129,-1,-1,129,-1,-1,-1,-1,-1,129,-1,-1,-1
10278,Wescley,-1,-1,-1,-1,-1,-1,-1,-1,-1,-1,-1,-1,-1,129,-1,-1,129,-1,-1,-1,-1,-1,-1,-1,-1,-1,-1,-1,-1,-1,-1,-1,129,-1,-1,-1,-1,-1
13445,M. Vásquez,-1,-1,-1,-1,-1,-1,-1,-1,-1,-1,-1,-1,-1,154,-1,154,-1,-1,-1,-1,-1,-1,-1,-1,-1,-1,-1,-1,-1,-1,-1,-1,-1,-1,-1,-1,-1,-1
30398,Vitor Hugo,-1,-1,-1,-1,-1,-1,-1,-1,-1,-1,-1,-1,-1,121,121,121,121,121,121,121,121,121,121,121,-1,121,121,121,121,-1,121,121,121,121,121,-1,-1,-1
1793,Luiz Adriano,-1,-1,-1,-1,-1,-1,-1,-1,-1,-1,-1,-1,-1,121,121,121,121,121,121,121,121,-1,121,-1,-1,-1,-1,-1,-1,-1,-1,-1,-1,121,121,-1,-1,-1
33336,Wanderson,-1,-1,-1,-1,-1,-1,-1,-1,-1,-1,-1,-1,-1,118,-1,-1,-1,-1,-1,-1,-1,-1,-1,-1,-1,-1,-1,-1,-1,-1,-1,118,118,118,-1,-1,118,-1
9896,Papagaio,-1,-1,-1,-1,-1,-1,-1,-1,-1,-1,-1,-1,-1,-1,1062,-1,-1,-1,-1,-1,-1,-1,-1,-1,-1,151,-1,-1,-1,-1,-1,-1,-1,-1,-1,-1,-1,-1
10340,Marcelo Hermes,-1,-1,-1,-1,-1,-1,-1,-1,-1,-1,-1,-1,-1,-1,151,151,151,151,-1,-1,-1,-1,-1,-1,-1,-1,-1,-1,-1,-1,-1,-1,151,-1,-1,-1,151,-1
55148,Jean Carlos,-1,-1,-1,-1,-1,-1,-1,-1,-1,-1,-1,-1,-1,-1,151,-1,-1,-1,-1,-1,-1,-1,-1,-1,-1,-1,-1,-1,-1,-1,-1,-1,-1,-1,-1,-1,-1,-1
10350,Yago,-1,-1,-1,-1,-1,-1,-1,-1,-1,-1,-1,-1,-1,-1,151,151,-1,-1,-1,151,151,151,151,151,151,151,151,151,151,151,-1,151,151,151,151,151,151,-1
80277,Rafael Moura,-1,-1,-1,-1,-1,-1,-1,-1,-1,-1,-1,-1,-1,-1,151,-1,-1,151,-1,151,151,151,151,151,151,-1,151,151,151,151,-1,151,151,151,151,151,151,-1
10060,Rickson,-1,-1,-1,-1,-1,-1,-1,-1,-1,-1,-1,-1,-1,-1,120,-1,-1,-1,-1,-1,-1,-1,-1,-1,-1,-1,-1,-1,-1,-1,120,-1,-1,-1,-1,-1,-1,-1
19420,Evandro,-1,-1,-1,-1,-1,-1,-1,-1,-1,-1,-1,-1,-1,-1,128,128,-1,-1,-1,-1,128,128,-1,128,128,-1,128,128,128,-1,-1,128,128,-1,128,128,-1,-1
9925,Matheus Fernandes,-1,-1,-1,-1,-1,-1,-1,-1,-1,-1,-1,-1,-1,-1,121,121,-1,-1,-1,-1,-1,-1,-1,-1,-1,-1,-1,-1,-1,121,-1,-1,-1,121,-1,121,121,-1
9933,M. Borja,-1,-1,-1,-1,-1,-1,-1,-1,-1,-1,-1,-1,-1,-1,121,-1,-1,-1,-1,-1,-1,121,-1,-1,-1,-1,-1,-1,-1,-1,-1,-1,121,-1,-1,-1,-1,-1
41,Juanfran,-1,-1,-1,-1,-1,-1,-1,-1,-1,-1,-1,-1,-1,-1,126,126,126,-1,126,-1,126,126,126,-1,126,-1,-1,-1,-1,-1,-1,126,126,126,126,126,-1,-1
9396,Matheus Jesus,-1,-1,-1,-1,-1,-1,-1,-1,-1,-1,-1,-1,-1,-1,-1,131,-1,-1,-1,-1,-1,-1,-1,131,-1,-1,-1,-1,-1,-1,-1,-1,-1,-1,-1,-1,-1,-1
80475,Lucas Campos,-1,-1,-1,-1,-1,-1,-1,-1,-1,-1,-1,-1,-1,-1,-1,120,-1,-1,-1,120,-1,-1,-1,-1,-1,-1,-1,-1,-1,-1,-1,-1,-1,-1,-1,-1,-1,-1
70368,João Lucas,-1,-1,-1,-1,-1,-1,-1,-1,-1,-1,-1,-1,-1,-1,-1,127,-1,-1,-1,-1,-1,-1,-1,-1,127,-1,-1,-1,-1,-1,-1,-1,-1,-1,-1,-1,-1,-1
9324,H. Bustamante,-1,-1,-1,-1,-1,-1,-1,-1,-1,-1,-1,-1,-1,-1,-1,150,150,-1,150,150,150,150,150,150,150,-1,-1,-1,-1,150,-1,-1,-1,-1,-1,150,150,-1
10125,Khellven,-1,-1,-1,-1,-1,-1,-1,-1,-1,-1,-1,-1,-1,-1,-1,134,-1,-1,-1,-1,-1,-1,-1,-1,-1,-1,134,-1,-1,-1,-1,134,-1,-1,-1,-1,134,-1
9903,Fernando Prass,-1,-1,-1,-1,-1,-1,-1,-1,-1,-1,-1,-1,-1,-1,-1,121,-1,-1,-1,-1,-1,-1,-1,121,-1,-1,-1,-1,-1,121,-1,-1,-1,-1,-1,-1,-1,-1
695,Wellington Nem,-1,-1,-1,-1,-1,-1,-1,-1,-1,-1,-1,-1,-1,-1,-1,124,124,-1,-1,-1,-1,-1,-1,124,-1,124,124,-1,-1,-1,-1,-1,-1,-1,-1,-1,-1,-1
9951,Léo,-1,-1,-1,-1,-1,-1,-1,-1,-1,-1,-1,-1,-1,-1,-1,126,-1,-1,-1,-1,-1,-1,-1,-1,-1,126,-1,-1,-1,-1,-1,-1,-1,-1,-1,-1,126,-1
9927,A. Guerra,-1,-1,-1,-1,-1,-1,-1,-1,-1,-1,-1,-1,-1,-1,-1,-1,118,118,-1,118,118,118,-1,118,118,118,-1,-1,-1,-1,-1,-1,-1,-1,-1,-1,-1,-1
80381,Euller,-1,-1,-1,-1,-1,-1,-1,-1,-1,-1,-1,-1,-1,-1,-1,-1,150,-1,-1,-1,-1,-1,-1,-1,-1,-1,-1,150,150,150,150,150,150,150,150,-1,150,-1
9940,Felipe Pires,-1,-1,-1,-1,-1,-1,-1,-1,-1,-1,-1,-1,-1,-1,-1,-1,154,154,-1,154,-1,-1,-1,-1,154,-1,-1,-1,-1,-1,-1,-1,-1,-1,-1,-1,-1,-1
10166,Reinier,-1,-1,-1,-1,-1,-1,-1,-1,-1,-1,-1,-1,-1,-1,-1,-1,-1,127,-1,-1,-1,127,127,-1,127,-1,-1,-1,127,-1,-1,127,127,127,-1,-1,-1,-1
9336,Wilson,-1,-1,-1,-1,-1,-1,-1,-1,-1,-1,-1,-1,-1,-1,-1,-1,-1,1062,-1,-1,-1,-1,1062,1062,-1,-1,-1,-1,-1,-1,-1,-1,-1,-1,-1,-1,-1,-1
10223,Aylon,-1,-1,-1,-1,-1,-1,-1,-1,-1,-1,-1,-1,-1,-1,-1,-1,-1,132,-1,-1,-1,-1,-1,-1,-1,-1,-1,-1,-1,-1,-1,-1,-1,-1,-1,-1,-1,-1
10353,Gilberto Santos,-1,-1,-1,-1,-1,-1,-1,-1,-1,-1,-1,-1,-1,-1,-1,-1,-1,151,151,151,151,151,151,151,151,-1,-1,151,-1,151,151,151,151,151,151,151,151,-1
12788,Ramires,-1,-1,-1,-1,-1,-1,-1,-1,-1,-1,-1,-1,-1,-1,-1,-1,-1,121,-1,-1,-1,-1,-1,-1,-1,-1,-1,-1,-1,-1,-1,-1,-1,-1,121,-1,-1,-1
10109,Léo,-1,-1,-1,-1,-1,-1,-1,-1,-1,-1,-1,-1,-1,-1,-1,-1,-1,134,-1,-1,-1,-1,134,134,-1,134,-1,-1,-1,-1,-1,134,-1,-1,-1,-1,134,-1
9961,Everton Felipe,-1,-1,-1,-1,-1,-1,-1,-1,-1,-1,-1,-1,-1,-1,-1,-1,-1,134,-1,-1,-1,-1,-1,-1,-1,-1,-1,-1,-1,-1,-1,-1,-1,-1,-1,-1,-1,-1
10037,Clayton,-1,-1,-1,-1,-1,-1,-1,-1,-1,-1,-1,-1,-1,-1,-1,-1,-1,133,-1,-1,-1,-1,-1,-1,-1,-1,-1,-1,-1,-1,-1,-1,-1,-1,-1,-1,-1,-1
140452,Jonathan,-1,-1,-1,-1,-1,-1,-1,-1,-1,-1,-1,-1,-1,-1,-1,-1,-1,-1,145,145,145,145,145,-1,-1,-1,145,145,-1,145,145,-1,-1,-1,145,145,145,-1
9889,Bruninho,-1,-1,-1,-1,-1,-1,-1,-1,-1,-1,-1,-1,-1,-1,-1,-1,-1,-1,1062,-1,-1,-1,-1,-1,-1,-1,-1,-1,-1,-1,-1,1062,-1,-1,-1,-1,-1,-1
10049,Lucas Barros,-1,-1,-1,-1,-1,-1,-1,-1,-1,-1,-1,-1,-1,-1,-1,-1,-1,-1,120,-1,120,-1,-1,-1,-1,-1,-1,-1,-1,-1,-1,120,-1,-1,-1,120,120,-1
10575,Ribamar,-1,-1,-1,-1,-1,-1,-1,-1,-1,-1,-1,-1,-1,-1,-1,-1,-1,-1,133,133,133,-1,133,133,133,133,133,133,133,-1,133,-1,-1,-1,133,133,133,-1
71,Luan Peres,-1,-1,-1,-1,-1,-1,-1,-1,-1,-1,-1,-1,-1,-1,-1,-1,-1,-1,128,-1,-1,128,-1,128,128,128,-1,-1,-1,-1,128,-1,-1,128,-1,128,-1,-1
10260,Janderson,-1,-1,-1,-1,-1,-1,-1,-1,-1,-1,-1,-1,-1,-1,-1,-1,-1,-1,131,-1,-1,-1,-1,-1,131,131,-1,-1,-1,131,131,131,-1,131,131,131,131,-1
77812,Marcelo Rangel,-1,-1,-1,-1,-1,-1,-1,-1,-1,-1,-1,-1,-1,-1,-1,-1,-1,-1,151,-1,-1,-1,-1,-1,-1,-1,-1,-1,-1,-1,-1,-1,-1,-1,-1,-1,-1,-1
10082,Rafael Santos,-1,-1,-1,-1,-1,-1,-1,-1,-1,-1,-1,-1,-1,-1,-1,-1,-1,-1,135,-1,-1,-1,-1,-1,-1,-1,-1,-1,-1,-1,-1,-1,-1,-1,-1,-1,-1,-1
9793,Victor Rangel,-1,-1,-1,-1,-1,-1,-1,-1,-1,-1,-1,-1,-1,-1,-1,-1,-1,-1,-1,120,-1,-1,-1,-1,-1,120,120,120,120,-1,-1,-1,-1,-1,-1,-1,-1,-1
41458,Lucas França,-1,-1,-1,-1,-1,-1,-1,-1,-1,-1,-1,-1,-1,-1,-1,-1,-1,-1,-1,129,-1,-1,-1,-1,-1,-1,-1,-1,-1,-1,-1,-1,-1,-1,-1,-1,-1,-1
9986,Luiz Felipe,-1,-1,-1,-1,-1,-1,-1,-1,-1,-1,-1,-1,-1,-1,-1,-1,-1,-1,-1,128,-1,-1,-1,-1,-1,-1,128,-1,-1,-1,-1,-1,-1,128,-1,-1,-1,-1
9727,Matheus Vargas,-1,-1,-1,-1,-1,-1,-1,-1,-1,-1,-1,-1,-1,-1,-1,-1,-1,-1,-1,-1,154,-1,-1,-1,-1,-1,-1,-1,-1,-1,-1,-1,-1,-1,-1,-1,-1,-1
47552,F. Di Santo,-1,-1,-1,-1,-1,-1,-1,-1,-1,-1,-1,-1,-1,-1,-1,-1,-1,-1,-1,-1,1062,1062,-1,1062,1062,1062,1062,-1,1062,1062,1062,1062,1062,1062,1062,1062,1062,-1
10193,Roberto,-1,-1,-1,-1,-1,-1,-1,-1,-1,-1,-1,-1,-1,-1,-1,-1,-1,-1,-1,-1,132,132,132,132,132,132,132,132,132,132,132,132,132,132,132,-1,132,-1
66899,Zé Marcos,-1,-1,-1,-1,-1,-1,-1,-1,-1,-1,-1,-1,-1,-1,-1,-1,-1,-1,-1,-1,145,-1,-1,-1,-1,-1,-1,-1,-1,145,-1,-1,-1,-1,-1,-1,145,-1
53958,Dalberto,-1,-1,-1,-1,-1,-1,-1,-1,-1,-1,-1,-1,-1,-1,-1,-1,-1,-1,-1,-1,-1,132,-1,-1,-1,-1,-1,132,132,-1,-1,-1,-1,-1,-1,132,-1,-1
143368,Bruno Gomes,-1,-1,-1,-1,-1,-1,-1,-1,-1,-1,-1,-1,-1,-1,-1,-1,-1,-1,-1,-1,-1,133,-1,-1,133,133,133,133,133,-1,-1,-1,-1,-1,-1,-1,-1,-1
41810,Vinícius Tanque,-1,-1,-1,-1,-1,-1,-1,-1,-1,-1,-1,-1,-1,-1,-1,-1,-1,-1,-1,-1,-1,-1,120,120,-1,-1,-1,-1,-1,-1,-1,-1,-1,-1,-1,-1,120,-1
53956,Bruno Alves,-1,-1,-1,-1,-1,-1,-1,-1,-1,-1,-1,-1,-1,-1,-1,-1,-1,-1,-1,-1,-1,-1,150,150,-1,-1,-1,-1,-1,-1,-1,-1,150,-1,-1,-1,-1,-1
9999,Tailson,-1,-1,-1,-1,-1,-1,-1,-1,-1,-1,-1,-1,-1,-1,-1,-1,-1,-1,-1,-1,-1,-1,128,128,128,-1,128,-1,-1,-1,-1,-1,-1,-1,128,-1,-1,-1
10061,Yuri,-1,-1,-1,-1,-1,-1,-1,-1,-1,-1,-1,-1,-1,-1,-1,-1,-1,-1,-1,-1,-1,-1,-1,120,120,120,120,120,120,120,120,-1,120,120,120,-1,-1,-1
9982,Orinho,-1,-1,-1,-1,-1,-1,-1,-1,-1,-1,-1,-1,-1,-1,-1,-1,-1,-1,-1,-1,-1,-1,-1,124,-1,-1,-1,-1,-1,-1,-1,124,-1,-1,-1,-1,-1,-1
9832,Paulão,-1,-1,-1,-1,-1,-1,-1,-1,-1,-1,-1,-1,-1,-1,-1,-1,-1,-1,-1,-1,-1,-1,-1,154,154,154,154,154,-1,154,-1,154,-1,154,154,154,-1,-1
10186,João Ricardo,-1,-1,-1,-1,-1,-1,-1,-1,-1,-1,-1,-1,-1,-1,-1,-1,-1,-1,-1,-1,-1,-1,-1,132,132,132,132,-1,-1,132,132,132,132,132,132,132,132,-1
10179,Lucas Silva,-1,-1,-1,-1,-1,-1,-1,-1,-1,-1,-1,-1,-1,-1,-1,-1,-1,-1,-1,-1,-1,-1,-1,-1,127,-1,-1,-1,-1,-1,-1,127,-1,-1,-1,-1,-1,-1
9870,Hulk,-1,-1,-1,-1,-1,-1,-1,-1,-1,-1,-1,-1,-1,-1,-1,-1,-1,-1,-1,-1,-1,-1,-1,-1,1062,-1,-1,-1,-1,-1,-1,-1,-1,-1,-1,-1,-1,-1
9881,Marquinhos,-1,-1,-1,-1,-1,-1,-1,-1,-1,-1,-1,-1,-1,-1,-1,-1,-1,-1,-1,-1,-1,-1,-1,-1,1062,-1,-1,-1,-1,-1,-1,1062,1062,1062,1062,1062,-1,-1
91826,Willian Popp,-1,-1,-1,-1,-1,-1,-1,-1,-1,-1,-1,-1,-1,-1,-1,-1,-1,-1,-1,-1,-1,-1,-1,-1,129,-1,-1,-1,-1,-1,-1,-1,-1,-1,-1,-1,-1,-1
10536,Wesley Soares,-1,-1,-1,-1,-1,-1,-1,-1,-1,-1,-1,-1,-1,-1,-1,-1,-1,-1,-1,-1,-1,-1,-1,-1,145,-1,145,145,-1,-1,-1,-1,-1,-1,145,145,145,-1
10582,Vinícius Araújo,-1,-1,-1,-1,-1,-1,-1,-1,-1,-1,-1,-1,-1,-1,-1,-1,-1,-1,-1,-1,-1,-1,-1,-1,145,145,145,145,145,-1,145,145,145,145,-1,-1,-1,-1
54065,Igor Leandro,-1,-1,-1,-1,-1,-1,-1,-1,-1,-1,-1,-1,-1,-1,-1,-1,-1,-1,-1,-1,-1,-1,-1,-1,145,-1,-1,145,-1,-1,-1,-1,-1,-1,-1,-1,-1,-1
10208,Vinícius,-1,-1,-1,-1,-1,-1,-1,-1,-1,-1,-1,-1,-1,-1,-1,-1,-1,-1,-1,-1,-1,-1,-1,-1,132,-1,-1,-1,-1,132,-1,132,-1,-1,-1,132,-1,-1
374,João Pedro,-1,-1,-1,-1,-1,-1,-1,-1,-1,-1,-1,-1,-1,-1,-1,-1,-1,-1,-1,-1,-1,-1,-1,-1,118,-1,118,118,118,-1,118,118,118,-1,118,118,118,-1
10355,Thalles,-1,-1,-1,-1,-1,-1,-1,-1,-1,-1,-1,-1,-1,-1,-1,-1,-1,-1,-1,-1,-1,-1,-1,-1,151,-1,-1,-1,-1,151,151,151,151,-1,151,-1,-1,-1
10070,Alan Santos,-1,-1,-1,-1,-1,-1,-1,-1,-1,-1,-1,-1,-1,-1,-1,-1,-1,-1,-1,-1,-1,-1,-1,-1,120,-1,-1,-1,-1,-1,-1,-1,-1,-1,-1,-1,-1,-1
36009,Nenê Bonilha,-1,-1,-1,-1,-1,-1,-1,-1,-1,-1,-1,-1,-1,-1,-1,-1,-1,-1,-1,-1,-1,-1,-1,-1,-1,154,-1,154,-1,-1,-1,-1,-1,-1,-1,-1,-1,-1
10002,Jobson,-1,-1,-1,-1,-1,-1,-1,-1,-1,-1,-1,-1,-1,-1,-1,-1,-1,-1,-1,-1,-1,-1,-1,-1,-1,128,-1,-1,-1,-1,-1,-1,-1,-1,-1,-1,-1,-1
9783,Felipe Ferreira,-1,-1,-1,-1,-1,-1,-1,-1,-1,-1,-1,-1,-1,-1,-1,-1,-1,-1,-1,-1,-1,-1,-1,-1,-1,133,-1,-1,-1,-1,133,-1,-1,-1,-1,-1,-1,-1
146378,Warley,-1,-1,-1,-1,-1,-1,-1,-1,-1,-1,-1,-1,-1,-1,-1,-1,-1,-1,-1,-1,-1,-1,-1,-1,-1,-1,150,150,150,150,-1,150,-1,-1,-1,-1,150,-1
80653,Kaio Nunes,-1,-1,-1,-1,-1,-1,-1,-1,-1,-1,-1,-1,-1,-1,-1,-1,-1,-1,-1,-1,-1,-1,-1,-1,-1,-1,151,-1,-1,-1,-1,-1,-1,-1,-1,-1,-1,-1
64046,Rafinha,-1,-1,-1,-1,-1,-1,-1,-1,-1,-1,-1,-1,-1,-1,-1,-1,-1,-1,-1,-1,-1,-1,-1,-1,-1,-1,151,-1,-1,-1,-1,151,-1,-1,-1,151,-1,-1
10478,Phelipe Megiolaro,-1,-1,-1,-1,-1,-1,-1,-1,-1,-1,-1,-1,-1,-1,-1,-1,-1,-1,-1,-1,-1,-1,-1,-1,-1,-1,130,-1,-1,-1,-1,-1,-1,-1,-1,-1,130,-1
133627,Breno,-1,-1,-1,-1,-1,-1,-1,-1,-1,-1,-1,-1,-1,-1,-1,-1,-1,-1,-1,-1,-1,-1,-1,-1,-1,-1,-1,151,151,-1,151,-1,-1,-1,-1,-1,-1,-1
9935,Carlos Eduardo,-1,-1,-1,-1,-1,-1,-1,-1,-1,-1,-1,-1,-1,-1,-1,-1,-1,-1,-1,-1,-1,-1,-1,-1,-1,-1,-1,121,-1,-1,-1,-1,-1,-1,-1,-1,-1,-1
10035,Marco Antonio,-1,-1,-1,-1,-1,-1,-1,-1,-1,-1,-1,-1,-1,-1,-1,-1,-1,-1,-1,-1,-1,-1,-1,-1,-1,-1,-1,118,118,118,-1,-1,-1,-1,-1,-1,-1,-1
12965,F. Guarín,-1,-1,-1,-1,-1,-1,-1,-1,-1,-1,-1,-1,-1,-1,-1,-1,-1,-1,-1,-1,-1,-1,-1,-1,-1,-1,-1,133,133,133,-1,133,133,133,133,-1,133,-1
9956,Jucilei,-1,-1,-1,-1,-1,-1,-1,-1,-1,-1,-1,-1,-1,-1,-1,-1,-1,-1,-1,-1,-1,-1,-1,-1,-1,-1,-1,-1,-1,126,126,126,-1,-1,-1,-1,-1,-1
9891,D. Terans,-1,-1,-1,-1,-1,-1,-1,-1,-1,-1,-1,-1,-1,-1,-1,-1,-1,-1,-1,-1,-1,-1,-1,-1,-1,-1,-1,-1,-1,1062,-1,-1,-1,-1,-1,-1,-1,-1
10273,Eduardo Brock,-1,-1,-1,-1,-1,-1,-1,-1,-1,-1,-1,-1,-1,-1,-1,-1,-1,-1,-1,-1,-1,-1,-1,-1,-1,-1,-1,-1,-1,129,129,-1,-1,129,-1,129,129,-1
10078,Igor Cássio,-1,-1,-1,-1,-1,-1,-1,-1,-1,-1,-1,-1,-1,-1,-1,-1,-1,-1,-1,-1,-1,-1,-1,-1,-1,-1,-1,-1,-1,120,120,120,120,120,-1,-1,-1,-1
80380,Lucão,-1,-1,-1,-1,-1,-1,-1,-1,-1,-1,-1,-1,-1,-1,-1,-1,-1,-1,-1,-1,-1,-1,-1,-1,-1,-1,-1,-1,-1,-1,151,-1,-1,-1,-1,-1,-1,-1
10064,Rhuan,-1,-1,-1,-1,-1,-1,-1,-1,-1,-1,-1,-1,-1,-1,-1,-1,-1,-1,-1,-1,-1,-1,-1,-1,-1,-1,-1,-1,-1,-1,-1,120,120,120,120,120,120,-1
10298,Marcos Felipe,-1,-1,-1,-1,-1,-1,-1,-1,-1,-1,-1,-1,-1,-1,-1,-1,-1,-1,-1,-1,-1,-1,-1,-1,-1,-1,-1,-1,-1,-1,-1,-1,124,124,124,124,124,-1
10188,Hiago,-1,-1,-1,-1,-1,-1,-1,-1,-1,-1,-1,-1,-1,-1,-1,-1,-1,-1,-1,-1,-1,-1,-1,-1,-1,-1,-1,-1,-1,-1,-1,-1,-1,132,132,-1,-1,-1
9586,Ezequiel,-1,-1,-1,-1,-1,-1,-1,-1,-1,-1,-1,-1,-1,-1,-1,-1,-1,-1,-1,-1,-1,-1,-1,-1,-1,-1,-1,-1,-1,-1,-1,-1,-1,-1,135,-1,135,-1
178900,Ramon,-1,-1,-1,-1,-1,-1,-1,-1,-1,-1,-1,-1,-1,-1,-1,-1,-1,-1,-1,-1,-1,-1,-1,-1,-1,-1,-1,-1,-1,-1,-1,-1,-1,-1,-1,145,145,-1
10535,Marcinho,-1,-1,-1,-1,-1,-1,-1,-1,-1,-1,-1,-1,-1,-1,-1,-1,-1,-1,-1,-1,-1,-1,-1,-1,-1,-1,-1,-1,-1,-1,-1,-1,-1,-1,-1,145,-1,-1
61809,Luccas Claro,-1,-1,-1,-1,-1,-1,-1,-1,-1,-1,-1,-1,-1,-1,-1,-1,-1,-1,-1,-1,-1,-1,-1,-1,-1,-1,-1,-1,-1,-1,-1,-1,-1,-1,-1,124,124,-1
10314,Dodi,-1,-1,-1,-1,-1,-1,-1,-1,-1,-1,-1,-1,-1,-1,-1,-1,-1,-1,-1,-1,-1,-1,-1,-1,-1,-1,-1,-1,-1,-1,-1,-1,-1,-1,-1,124,-1,-1
41292,J. Tagueu,-1,-1,-1,-1,-1,-1,-1,-1,-1,-1,-1,-1,-1,-1,-1,-1,-1,-1,-1,-1,-1,-1,-1,-1,-1,-1,-1,-1,-1,-1,-1,-1,-1,-1,-1,135,-1,-1
10461,Lucas Dias,-1,-1,-1,-1,-1,-1,-1,-1,-1,-1,-1,-1,-1,-1,-1,-1,-1,-1,-1,-1,-1,-1,-1,-1,-1,-1,-1,-1,-1,-1,-1,-1,-1,-1,-1,-1,150,-1
9406,Pedrinho,-1,-1,-1,-1,-1,-1,-1,-1,-1,-1,-1,-1,-1,-1,-1,-1,-1,-1,-1,-1,-1,-1,-1,-1,-1,-1,-1,-1,-1,-1,-1,-1,-1,-1,-1,-1,-1,134
10204,Marcos Vinícius,-1,-1,-1,-1,-1,-1,-1,-1,-1,-1,-1,-1,-1,-1,-1,-1,-1,-1,-1,-1,-1,-1,-1,-1,-1,-1,-1,-1,-1,-1,-1,-1,-1,-1,-1,-1,-1,120
10065,Jean,-1,-1,-1,-1,-1,-1,-1,-1,-1,-1,-1,-1,-1,-1,-1,-1,-1,-1,-1,-1,-1,-1,-1,-1,-1,-1,-1,-1,-1,-1,-1,-1,-1,-1,-1,-1,-1,120
10077,Luis Henrique,-1,-1,-1,-1,-1,-1,-1,-1,-1,-1,-1,-1,-1,-1,-1,-1,-1,-1,-1,-1,-1,-1,-1,-1,-1,-1,-1,-1,-1,-1,-1,-1,-1,-1,-1,-1,-1,120
152856,Evanilson,-1,-1,-1,-1,-1,-1,-1,-1,-1,-1,-1,-1,-1,-1,-1,-1,-1,-1,-1,-1,-1,-1,-1,-1,-1,-1,-1,-1,-1,-1,-1,-1,-1,-1,-1,-1,-1,124
9298,Alisson Safira,-1,-1,-1,-1,-1,-1,-1,-1,-1,-1,-1,-1,-1,-1,-1,-1,-1,-1,-1,-1,-1,-1,-1,-1,-1,-1,-1,-1,-1,-1,-1,-1,-1,-1,-1,-1,-1,150
80296,Lucas Perri,-1,-1,-1,-1,-1,-1,-1,-1,-1,-1,-1,-1,-1,-1,-1,-1,-1,-1,-1,-1,-1,-1,-1,-1,-1,-1,-1,-1,-1,-1,-1,-1,-1,-1,-1,-1,-1,126
80552,Gabriel,-1,-1,-1,-1,-1,-1,-1,-1,-1,-1,-1,-1,-1,-1,-1,-1,-1,-1,-1,-1,-1,-1,-1,-1,-1,-1,-1,-1,-1,-1,-1,-1,-1,-1,-1,-1,-1,126
9965,Helinho,-1,-1,-1,-1,-1,-1,-1,-1,-1,-1,-1,-1,-1,-1,-1,-1,-1,-1,-1,-1,-1,-1,-1,-1,-1,-1,-1,-1,-1,-1,-1,-1,-1,-1,-1,-1,-1,126
180916,Juan,-1,-1,-1,-1,-1,-1,-1,-1,-1,-1,-1,-1,-1,-1,-1,-1,-1,-1,-1,-1,-1,-1,-1,-1,-1,-1,-1,-1,-1,-1,-1,-1,-1,-1,-1,-1,-1,126
157147,Felipe,-1,-1,-1,-1,-1,-1,-1,-1,-1,-1,-1,-1,-1,-1,-1,-1,-1,-1,-1,-1,-1,-1,-1,-1,-1,-1,-1,-1,-1,-1,-1,-1,-1,-1,-1,-1,-1,130
152857,Ruan,-1,-1,-1,-1,-1,-1,-1,-1,-1,-1,-1,-1,-1,-1,-1,-1,-1,-1,-1,-1,-1,-1,-1,-1,-1,-1,-1,-1,-1,-1,-1,-1,-1,-1,-1,-1,-1,130
167010,Frizzo,-1,-1,-1,-1,-1,-1,-1,-1,-1,-1,-1,-1,-1,-1,-1,-1,-1,-1,-1,-1,-1,-1,-1,-1,-1,-1,-1,-1,-1,-1,-1,-1,-1,-1,-1,-1,-1,130
69198,Patrick,-1,-1,-1,-1,-1,-1,-1,-1,-1,-1,-1,-1,-1,-1,-1,-1,-1,-1,-1,-1,-1,-1,-1,-1,-1,-1,-1,-1,-1,-1,-1,-1,-1,-1,-1,-1,-1,130
80536,Isaque,-1,-1,-1,-1,-1,-1,-1,-1,-1,-1,-1,-1,-1,-1,-1,-1,-1,-1,-1,-1,-1,-1,-1,-1,-1,-1,-1,-1,-1,-1,-1,-1,-1,-1,-1,-1,-1,130
106510,Ferreira,-1,-1,-1,-1,-1,-1,-1,-1,-1,-1,-1,-1,-1,-1,-1,-1,-1,-1,-1,-1,-1,-1,-1,-1,-1,-1,-1,-1,-1,-1,-1,-1,-1,-1,-1,-1,-1,130
9900,Maicon,-1,-1,-1,-1,-1,-1,-1,-1,-1,-1,-1,-1,-1,-1,-1,-1,-1,-1,-1,-1,-1,-1,-1,-1,-1,-1,-1,-1,-1,-1,-1,-1,-1,-1,-1,-1,-1,1062
