Id substituicao,Id partida,Id time,Id Jogador Substituido,Id Jogador Substituto,Tempo,Acrescimo
1,94471,134,10131,10128,34,
2,94471,133,10576,10575,58,
3,94471,133,10581,10570,58,
4,94471,133,10557,10573,68,
5,94471,134,10150,10142,69,
6,94471,134,10135,10119,77,
7,94472,145,10545,10538,46,
8,94472,1062,9888,9886,64,
9,94472,145,10534,10533,73,
10,94472,145,10531,10539,74,
11,94472,1062,2492,9890,78,
12,94472,1062,9894,9882,90,3
13,94473,118,10044,10041,25,
14,94473,131,10244,10261,67,
15,94473,118,10039,10038,71,
16,94473,131,10249,10241,77,
17,94473,131,10252,10250,85,
18,94473,118,10027,10028,86,
19,94474,150,10456,10440,45,7
20,94474,150,10462,10464,46,
21,94474,129,10275,80187,63,
22,94474,129,10292,77665,69,
23,94474,150,10473,10470,73,
24,94474,129,80185,10268,77,
25,94475,119,10390,10399,55,
26,94475,119,10400,10397,62,
27,94475,132,10196,10223,66,
28,94475,132,10214,10205,68,
29,94475,119,10385,10378,69,
30,94475,132,10224,10189,78,
31,94476,135,10094,10098,62,
32,94476,135,10100,10102,68,
33,94476,135,10106,10095,69,
34,94476,127,2612,10171,76,
35,94476,127,10168,80272,90,1
36,94477,124,10318,10321,61,
37,94477,151,10364,10363,63,
38,94477,151,10356,10358,75,
39,94477,124,10317,10326,81,
40,94477,151,10351,10344,85,
41,94477,124,10306,10329,90,1
42,94478,128,9997,9995,46,
43,94478,130,10501,10507,52,
44,94478,130,10491,10502,60,
45,94478,128,10004,2519,67,
46,94478,130,10480,10503,74,
47,94478,128,9994,10000,82,
48,94479,121,9937,9932,8,
49,94479,154,10432,10435,72,
50,94479,154,10436,10425,72,
51,94479,154,10434,10427,74,
52,94479,121,9926,9918,78,
53,94479,121,9939,9923,82,
54,94480,120,10063,10073,57,
55,94480,126,9967,9959,64,
56,94480,126,9972,9969,76,
57,94480,120,10062,10066,77,
58,94480,120,10068,10071,77,
59,94480,126,9958,9962,87,
60,94481,145,10514,10533,46,
61,94481,130,10503,2414,64,
62,94481,130,10502,10492,65,
63,94481,130,10507,10505,71,
64,94481,145,10520,10532,74,
65,94481,145,10538,10539,76,
66,94482,118,10027,10038,46,
67,94482,120,10076,10071,58,
68,94482,118,10044,10041,63,
69,94482,120,10074,10067,68,
70,94482,118,10039,10025,70,
71,94482,120,10069,10073,76,
72,94483,131,10249,10261,46,
73,94483,132,10196,10189,61,
74,94483,132,10198,10223,61,
75,94483,131,10244,10260,68,
76,94483,131,10258,10241,83,
77,94483,132,10197,10220,83,
78,94484,135,10096,10105,23,
79,94484,129,10275,80187,72,
80,94484,135,10093,10102,76,
81,94484,129,80474,77665,78,
82,94484,135,10098,10091,79,
83,94484,129,10290,68058,83,
84,94485,150,10467,10474,25,
85,94485,121,9920,9935,62,
86,94485,150,10468,10459,67,
87,94485,121,9923,9940,78,
88,94485,121,9928,9925,82,
89,94485,150,10272,10454,83,
90,94486,134,10127,10142,61,
91,94486,154,10432,10434,65,
92,94486,154,10435,10437,73,
93,94486,154,10425,10429,79,
94,94486,134,10123,10149,81,
95,94486,134,10133,10147,89,
96,94487,126,2571,9953,45,
97,94487,151,10338,10339,46,
98,94487,151,10349,10340,51,
99,94487,126,9972,9959,73,
100,94487,151,10356,10361,79,
101,94487,126,9969,9975,79,
102,94488,119,10391,10397,66,
103,94488,119,10388,10404,67,
104,94488,127,2612,10171,73,
105,94488,127,10173,10179,79,
106,94488,127,10168,10178,84,
107,94488,119,10402,10396,90,1
108,94489,128,9980,9988,46,
109,94489,128,9997,9994,61,
110,94489,124,10318,10321,67,
111,94489,124,10328,10326,71,
112,94489,128,10000,2428,82,
113,94489,124,10319,10324,89,
114,94490,1062,9899,9900,46,
115,94490,133,10569,10571,64,
116,94490,133,10574,10567,71,
117,94490,1062,9882,9890,73,
118,94490,133,10581,10578,79,
119,94490,1062,9901,9883,81,
120,94491,118,10039,10038,28,
121,94491,145,10521,10538,46,
122,94491,145,10520,10532,46,
123,94491,118,10027,10025,69,
124,94491,145,10538,10543,72,
125,94491,118,10040,10034,84,
126,94492,120,10056,10048,58,
127,94492,120,10062,10067,58,
128,94492,154,10434,10425,63,
129,94492,154,10438,10436,63,
130,94492,154,10422,10428,76,
131,94492,120,10074,10061,87,
132,94493,1062,9883,9890,59,
133,94493,129,10275,77665,64,
134,94493,1062,9901,9900,66,
135,94493,129,80474,80171,73,
136,94493,129,10290,10283,80,
137,94493,1062,9894,9896,86,
138,94494,132,10224,10196,40,
139,94494,132,10203,10207,40,
140,94494,132,10189,10216,65,
141,94494,134,10149,10143,67,
142,94494,134,10129,10134,73,
143,94494,134,10142,10133,90,3
144,94495,135,10101,10098,68,
145,94495,135,10106,10105,68,
146,94495,151,10356,10358,74,
147,94495,151,10359,10346,74,
148,94495,135,2485,10091,75,
149,94495,151,10362,10361,84,
150,94496,150,10468,10459,36,
151,94496,128,2428,2454,58,
152,94496,128,9991,9997,61,
153,94496,150,10446,10447,67,
154,94496,128,10004,2519,73,
155,94496,150,10272,10463,76,
156,94497,124,10318,10320,46,
157,94497,130,10491,10502,60,
158,94497,130,10501,10506,62,
159,94497,124,10330,10321,66,
160,94497,124,10323,10300,81,
161,94497,130,10498,10503,81,
162,94498,119,10402,10404,46,
163,94498,119,10397,10391,59,
164,94498,121,9932,9923,60,
165,94498,121,9926,9928,68,
166,94498,119,10387,10406,80,
167,94498,121,9939,9920,81,
168,94499,126,9972,9955,31,
169,94499,126,9953,9959,41,
170,94499,127,10175,10179,45,4
171,94499,127,10158,10164,64,
172,94499,127,10178,10180,71,
173,94499,126,9946,9965,77,
174,94500,133,10578,10567,64,
175,94500,131,10256,10258,65,
176,94500,131,10240,10249,68,
177,94500,133,10570,10580,75,
178,94500,131,10241,10244,80,
179,94500,133,10581,10573,82,
180,94501,118,10038,10042,63,
181,94501,118,10027,10025,63,
182,94501,134,10143,10142,65,
183,94501,134,10129,10134,70,
184,94501,118,10044,10041,74,
185,94501,134,10122,10119,82,
186,94502,1062,9892,9883,54,
187,94502,1062,9894,9893,67,
188,94502,121,9920,9928,69,
189,94502,1062,9901,9886,76,
190,94502,121,9932,9923,86,
191,94502,121,9939,9940,89,
192,94503,145,10518,10544,46,
193,94503,150,10464,64288,59,
194,94503,145,10545,10539,65,
195,94503,150,10474,10456,69,
196,94503,145,10534,10533,72,
197,94503,150,10470,10463,81,
198,94504,131,10254,10261,46,
199,94504,130,10496,10492,61,
200,94504,131,10249,10242,69,
201,94504,130,10505,10503,79,
202,94504,131,10252,10251,81,
203,94504,130,10502,10500,83,
204,94505,132,10224,10006,58,
205,94505,132,10196,10213,58,
206,94505,127,10177,10180,73,
207,94505,132,10189,10217,78,
208,94505,127,10175,10181,84,
209,94505,127,10171,10168,84,
210,94506,120,10076,10061,46,
211,94506,124,10320,10326,77,
212,94506,120,10074,10071,78,
213,94506,120,10067,10060,86,
214,94506,124,10306,10327,89,
215,94507,126,9949,9959,46,
216,94507,126,9964,9962,62,
217,94507,154,10435,10437,68,
218,94507,154,10438,10432,71,
219,94507,154,10425,10428,83,
220,94507,126,9955,9967,85,
221,94508,129,10290,68058,46,
222,94508,151,10362,10361,61,
223,94508,129,80474,10292,61,
224,94508,151,10346,10348,64,
225,94508,129,78045,80166,71,
226,94508,151,10352,10358,73,
227,94509,135,10091,10105,67,
228,94509,135,10106,10094,67,
229,94509,119,10396,10404,70,
230,94509,119,10391,10406,75,
231,94509,135,10104,10103,79,
232,94509,119,10401,10397,84,
233,94510,133,10562,10571,46,
234,94510,133,10281,10573,46,
235,94510,128,9994,9995,56,
236,94510,128,10004,9997,59,
237,94510,133,10578,10567,70,
238,94510,128,9987,2519,78,
239,94511,134,10115,10125,45,3
240,94511,134,10127,10147,65,
241,94511,131,10250,10244,65,
242,94511,131,10241,10257,72,
243,94511,134,10493,10144,78,
244,94511,131,10249,10240,78,
245,94512,1062,9863,9866,45,3
246,94512,1062,9894,9892,46,
247,94512,127,10160,10177,60,
248,94512,127,2612,10178,63,
249,94512,1062,9880,9886,69,
250,94512,127,10174,10175,77,
251,94513,129,80184,10264,46,
252,94513,129,10292,119666,63,
253,94513,130,10490,10506,71,
254,94513,129,80166,10283,75,
255,94513,130,10501,10503,77,
256,94513,130,10481,10500,84,
257,94514,154,10432,10438,36,
258,94514,132,10224,10006,46,
259,94514,132,10207,10218,54,
260,94514,154,10436,10434,59,
261,94514,132,10200,10202,68,
262,94514,154,10425,10429,72,
263,94515,135,2485,10096,58,
264,94515,124,10326,10329,70,
265,94515,135,10094,10105,76,
266,94515,124,10323,10322,79,
267,94515,135,10104,10103,79,
268,94515,124,10320,10300,83,
269,94534,120,10073,10076,57,
270,94534,133,10579,70299,58,
271,94534,133,10565,10570,63,
272,94534,120,10062,10070,68,
273,94534,133,10569,10571,69,
274,94534,120,10069,10065,85,
275,94535,128,10005,9989,46,
276,94535,129,77665,10290,67,
277,94535,128,10182,9995,68,
278,94535,129,10292,80171,76,
279,94535,128,10004,10506,80,
280,94535,129,10283,77669,84,
281,94536,132,10203,10390,61,
282,94536,132,10006,9726,61,
283,94536,121,9932,9923,68,
284,94536,132,10202,10214,69,
285,94536,121,9918,9928,76,
286,94536,121,9939,9926,87,
287,94537,151,10359,10358,61,
288,94537,131,10241,10250,63,
289,94537,151,10362,80277,68,
290,94537,131,10258,10331,78,
291,94537,151,10364,10361,83,
292,94537,131,10242,9396,89,
293,94538,154,10256,10434,59,
294,94538,154,10424,10428,64,
295,94538,127,10168,10177,72,
296,94538,154,10425,10429,72,
297,94538,127,10171,10175,82,
298,94538,127,2488,2511,88,
299,94516,151,10352,10348,23,
300,94516,120,10072,10078,55,
301,94516,151,10356,10346,64,
302,94516,120,10068,10076,68,
303,94516,151,10361,10362,76,
304,94516,120,10067,10073,82,
305,94517,119,10378,10385,16,
306,94517,150,10464,64288,46,
307,94517,150,10028,10463,69,
308,94517,119,10402,10403,72,
309,94517,119,10391,10397,80,
310,94517,150,10474,10475,80,
311,94518,128,9994,9997,46,
312,94518,128,9989,2428,55,
313,94518,128,9980,9988,75,
314,94518,121,9920,9928,77,
315,94518,121,9932,9923,81,
316,94518,121,9921,9924,89,
317,94519,126,9964,9957,13,
318,94519,126,9972,9965,46,
319,94519,126,9959,9970,69,
320,94519,118,10036,10027,70,
321,94519,118,10041,10044,70,
322,94519,118,10042,10038,83,
323,94520,133,10571,10569,56,
324,94520,133,10574,10567,56,
325,94520,133,10573,10580,62,
326,94520,145,10531,10532,67,
327,94520,145,10527,10545,71,
328,94520,145,10368,10541,77,
329,94521,129,10292,119666,46,
330,94521,129,10275,10283,63,
331,94521,129,119666,10290,71,
332,94521,145,10368,10541,79,
333,94521,145,10531,10532,79,
334,94521,145,10514,10529,85,
335,94522,124,10326,10322,46,
336,94522,124,10315,10311,46,
337,94522,124,10321,10296,69,
338,94522,118,10039,10042,72,
339,94522,118,10027,10034,80,
340,94522,118,10041,10044,88,
341,94523,120,10071,10066,46,
342,94523,121,9913,9908,72,
343,94523,120,10073,10078,74,
344,94523,121,9932,9926,74,
345,94523,120,10068,10061,80,
346,94523,121,9918,9928,86,
347,94524,126,9955,9959,59,
348,94524,126,9949,9967,70,
349,94524,131,10244,10241,73,
350,94524,126,9962,9965,80,
351,94524,131,10261,10257,82,
352,94524,131,10258,10249,87,
353,94525,135,10094,10106,46,
354,94525,132,10200,10202,54,
355,94525,135,10096,10102,55,
356,94525,132,10203,10214,64,
357,94525,135,10098,10105,82,
358,94525,132,10217,10223,83,
359,94526,150,10028,10463,46,
360,94526,150,64288,10459,71,
361,94526,151,10356,10346,73,
362,94526,151,10364,64046,77,
363,94526,150,10473,10470,87,
364,94526,151,10348,10363,87,
365,94527,134,10493,10127,58,
366,94527,127,2511,10177,74,
367,94527,127,10162,10157,81,
368,94527,134,10138,10135,81,
369,94527,127,10174,10178,85,
370,94527,134,10149,10116,87,
371,94528,154,10432,10438,60,
372,94528,154,10425,10434,60,
373,94528,133,10570,10567,63,
374,94528,154,10421,10428,73,
375,94528,133,10564,10571,78,
376,94528,133,10578,10579,78,
377,94529,130,10505,10503,46,
378,94529,130,10501,10507,46,
379,94529,1062,9880,9901,64,
380,94529,1062,9899,9889,70,
381,94529,130,10491,10492,79,
382,94529,1062,9882,9883,83,
383,94530,128,10000,10004,46,
384,94530,128,2454,2428,63,
385,94530,119,10387,10392,70,
386,94530,128,9994,10008,71,
387,94530,119,10402,10400,73,
388,94530,119,10401,10406,77,
389,94531,124,10301,10315,32,
390,94531,124,10326,10330,46,
391,94531,134,10134,10127,62,
392,94531,134,10133,10142,71,
393,94531,134,10128,10129,76,
394,94531,124,10328,9975,78,
395,94532,150,10462,10470,57,
396,94532,1062,9899,9886,63,
397,94532,1062,2492,9901,64,
398,94532,150,64288,10463,69,
399,94532,150,10450,10449,81,
400,94532,1062,9888,9889,86,
401,94533,118,10042,10039,64,
402,94533,130,10503,10505,65,
403,94533,130,10496,10507,66,
404,94533,118,10044,10027,72,
405,94533,118,10034,10033,80,
406,94533,130,10481,69198,80,
407,94539,145,10543,10541,46,
408,94539,119,10376,10397,62,
409,94539,145,10531,10545,70,
410,94539,119,10402,10404,73,
411,94539,119,10396,10386,80,
412,94539,145,10514,10529,80,
413,94540,126,9959,9967,46,
414,94540,135,10098,10105,69,
415,94540,135,10093,10102,73,
416,94540,126,9966,9949,78,
417,94540,126,9962,10332,78,
418,94540,135,10104,10103,87,
419,94541,126,9955,10332,40,
420,94541,145,10523,10532,55,
421,94541,126,9962,9967,58,
422,94541,145,10527,10538,67,
423,94541,126,9969,9961,71,
424,94541,145,10368,10541,74,
425,94542,118,10042,10039,27,
426,94542,129,119666,10292,56,
427,94542,118,10034,10027,61,
428,94542,129,77665,10294,67,
429,94542,118,10044,10038,74,
430,94542,129,10275,10283,84,
431,94543,131,10236,10233,18,
432,94543,135,10103,10108,65,
433,94543,135,10106,10105,65,
434,94543,131,10252,10331,71,
435,94543,135,10093,10091,76,
436,94543,131,10242,10240,82,
437,94544,150,64288,10464,63,
438,94544,120,10073,10076,69,
439,94544,120,10068,80475,70,
440,94544,150,10474,10459,79,
441,94544,150,9963,10456,85,
442,94544,120,10074,10060,86,
443,94545,124,9975,10322,46,
444,94545,127,10171,10175,46,
445,94545,127,10174,10177,78,
446,94545,127,2511,10167,89,
447,94546,151,10351,10344,6,
448,94546,151,10352,10348,40,
449,94546,132,10203,9726,64,
450,94546,132,10390,10270,69,
451,94546,151,10356,10346,79,
452,94546,132,10202,10214,80,
453,94547,154,10412,10421,31,
454,94547,130,10503,10500,54,
455,94547,154,10435,10256,61,
456,94547,130,10492,10505,75,
457,94547,154,10429,10427,77,
458,94547,130,10507,69198,85,
459,94548,121,9921,9928,46,
460,94548,134,10493,10142,59,
461,94548,134,10124,10120,62,
462,94548,121,9918,9920,67,
463,94548,134,10116,10144,81,
464,94548,121,9929,9924,85,
465,94549,1062,2492,9901,57,
466,94549,128,10506,10000,66,
467,94549,1062,9894,9893,70,
468,94549,128,9997,9989,83,
469,94549,128,10004,10182,85,
470,94549,1062,9882,9883,85,
471,94550,119,10387,10388,46,
472,94550,119,10404,10399,57,
473,94550,133,10579,10580,61,
474,94550,119,10402,10397,76,
475,94550,133,10578,10573,78,
476,94550,133,10571,10569,90,
477,94551,126,9969,9961,46,
478,94551,126,9949,9967,46,
479,94551,126,10332,9970,66,
480,94551,1062,2492,9901,72,
481,94551,1062,9892,9900,85,
482,94551,1062,9880,9894,90,4
483,94552,130,10488,10499,60,
484,94552,120,10068,10061,67,
485,94552,120,10073,80475,68,
486,94552,130,10507,10500,76,
487,94552,120,10074,10049,81,
488,94552,130,10503,10505,81,
489,94553,124,10300,10304,46,
490,94553,132,10203,10223,59,
491,94553,124,9975,10325,83,
492,94553,132,10202,9726,90,3
493,94553,124,10320,10303,90,1
494,94554,150,10450,64288,71,
495,94554,150,10028,10473,79,
496,94554,127,10180,10178,83,
497,94554,150,10463,10475,84,
498,94554,127,10174,10175,88,
499,94554,127,10157,70368,90,
500,94555,135,10093,10091,46,
501,94555,154,10425,10433,61,
502,94555,154,10256,10413,61,
503,94555,135,10103,10108,65,
504,94555,135,10087,10096,73,
505,94555,154,10438,10426,75,
506,94556,134,10117,10123,45,3
507,94556,134,10134,10142,46,
508,94556,151,10348,10353,48,
509,94556,151,10356,10346,69,
510,94556,134,10128,10133,71,
511,94556,151,10364,10358,83,
512,94557,118,10033,10038,62,
513,94557,118,10036,10025,75,
514,94557,119,10402,10399,76,
515,94557,119,10395,10388,79,
516,94557,119,10391,10398,90,
517,94558,145,10531,10541,46,
518,94558,145,10526,10529,63,
519,94558,121,9918,9928,67,
520,94558,145,10545,10525,69,
521,94558,121,9939,9926,84,
522,94558,121,9921,9924,89,
523,94559,131,10250,10331,68,
524,94559,128,9995,10000,69,
525,94559,128,9994,9989,75,
526,94559,131,10249,10257,79,
527,94559,128,10506,9986,81,
528,94559,131,10242,10252,87,
529,94560,129,77665,10294,19,
530,94560,133,10579,10567,46,
531,94560,129,10292,80171,63,
532,94560,133,10571,10580,68,
533,94560,133,10574,10565,84,
534,94560,129,80166,77669,84,
535,94561,134,10134,10144,65,
536,94561,119,10406,10398,66,
537,94561,119,1065,125676,73,
538,94561,134,10150,10493,78,
539,94561,134,10142,10147,78,
540,94561,119,10392,125677,83,
541,94562,128,10182,10506,61,
542,94562,128,9988,9997,61,
543,94562,118,10025,9927,62,
544,94562,118,10039,10042,70,
545,94562,118,10044,10041,70,
546,94562,128,9992,9986,82,
547,94563,1062,9901,9900,64,
548,94563,132,10390,10207,74,
549,94563,1062,70593,9896,77,
550,94563,132,10203,10214,82,
551,94563,132,10196,10223,82,
552,94563,1062,44494,9889,86,
553,94564,150,10028,41277,46,
554,94564,131,10243,10251,61,
555,94564,150,9963,10463,62,
556,94564,150,10449,10470,69,
557,94564,131,10244,10254,74,
558,94564,131,10261,10247,81,
559,94565,120,10073,10076,20,
560,94565,135,10093,10104,35,
561,94565,135,10098,106485,46,
562,94565,135,10106,10103,63,
563,94565,120,10074,9793,68,
564,94565,120,10048,10056,85,
565,94566,127,10173,2488,59,
566,94566,127,500,10157,59,
567,94566,151,10336,10352,62,
568,94566,151,10356,10346,62,
569,94566,127,10180,10177,72,
570,94566,151,10348,10302,87,
571,94567,129,119666,80171,46,
572,94567,124,10315,10322,59,
573,94567,129,77714,80187,72,
574,94567,124,10305,10300,75,
575,94567,129,80166,77669,84,
576,94567,124,10329,64331,89,
577,94568,154,10434,10435,37,
578,94568,145,80312,10527,46,
579,94568,145,10066,10525,65,
580,94568,154,10437,10429,74,
581,94568,154,10256,10424,80,
582,94568,145,10530,10532,84,
583,94569,130,10490,2414,37,
584,94569,133,10567,10574,69,
585,94569,130,10494,133188,76,
586,94569,133,10132,70299,76,
587,94569,130,10502,69198,80,
588,94569,133,10564,10565,80,
589,94570,126,9976,10108,46,
590,94570,121,9932,9935,46,
591,94570,121,9926,9920,65,
592,94570,126,9972,9969,72,
593,94570,126,9959,9967,76,
594,94570,121,9939,9936,83,
595,94571,1062,9880,2492,59,
596,94571,1062,9890,70593,63,
597,94571,1062,9901,9899,76,
598,94571,154,10256,10427,87,
599,94571,154,10438,10429,90,8
600,94572,145,10530,70796,46,
601,94572,151,10348,10352,52,
602,94572,151,10356,10346,58,
603,94572,145,10529,10532,63,
604,94572,145,80312,10541,74,
605,94572,151,10362,10361,83,
606,94573,118,10027,42163,46,
607,94573,118,10019,10167,70,
608,94573,118,10041,10044,70,
609,94573,135,10103,10107,74,
610,94573,135,106485,10082,81,
611,94574,128,10182,10506,46,
612,94574,128,9997,9988,51,
613,94574,128,10004,9989,55,
614,94574,120,10067,9793,58,
615,94574,120,10073,10076,63,
616,94574,120,10072,10057,71,
617,94575,121,9926,9936,46,
618,94575,121,9932,9920,54,
619,94575,129,80171,10292,70,
620,94575,121,9939,12788,70,
621,94575,129,77714,10283,79,
622,94575,129,77669,80187,82,
623,94576,127,10177,10175,46,
624,94576,127,2488,10180,63,
625,94576,127,30408,10178,78,
626,94576,131,10258,10331,84,
627,94576,131,10252,10254,90,5
628,94576,131,10247,10241,90,3
629,94577,150,9687,9963,40,
630,94577,150,10470,10463,46,
631,94577,134,10144,10129,70,
632,94577,150,10450,10272,72,
633,94577,134,10493,10127,87,
634,94577,134,10147,10146,90,2
635,94578,119,10385,10380,31,
636,94578,130,10484,2414,60,
637,94578,119,10404,10388,65,
638,94578,119,10396,10405,79,
639,94578,130,10507,10499,80,
640,94579,126,9972,9969,46,
641,94579,126,9957,9955,46,
642,94579,132,10390,10203,61,
643,94579,132,9726,10196,61,
644,94579,126,10108,9962,83,
645,94579,132,10192,10224,86,
646,94580,124,10329,9975,39,
647,94580,133,10132,10579,54,
648,94580,133,10570,10573,55,
649,94580,124,9970,10303,58,
650,94580,133,10567,10551,64,
651,94580,124,10321,10318,77,
652,94581,132,41247,10006,58,
653,94581,118,10027,10025,66,
654,94581,132,10199,42100,67,
655,94581,132,10390,10214,74,
656,94581,118,10041,10037,74,
657,94581,118,42163,10044,84,
658,94582,135,10093,80539,60,
659,94582,135,10105,10103,66,
660,94582,134,10150,10142,66,
661,94582,135,106485,133198,69,
662,94582,134,10119,9700,74,
663,94582,134,10144,10493,84,
664,94583,150,63981,41277,66,
665,94583,150,64288,70599,70,
666,94583,130,10484,2414,71,
667,94583,150,10028,10272,76,
668,94583,130,10507,69198,84,
669,94583,130,10502,133188,84,
670,94584,127,10156,10165,14,
671,94584,127,10178,10179,61,
672,94584,120,10076,80475,76,
673,94584,120,10057,10049,79,
674,94584,120,10068,9793,86,
675,94584,127,10174,2511,90,
676,94585,126,9972,9969,59,
677,94585,126,9959,9955,60,
678,94585,124,10320,10330,71,
679,94585,126,9957,9967,80,
680,94585,124,10311,10326,90,9
681,94585,124,10306,10324,90,8
682,94586,154,10434,10436,58,
683,94586,131,10236,2411,63,
684,94586,154,10438,10429,65,
685,94586,131,10331,10258,75,
686,94586,154,10412,9940,77,
687,94586,131,10242,9396,89,
688,94587,1062,44494,9901,61,
689,94587,151,10346,10356,64,
690,94587,151,10352,10348,68,
691,94587,1062,9886,9899,69,
692,94587,151,10362,80277,74,
693,94587,1062,9893,9896,81,
694,94588,129,77669,10292,46,
695,94588,119,10403,10404,62,
696,94588,129,80171,10278,62,
697,94588,119,10407,10405,75,
698,94588,119,10379,10377,78,
699,94588,129,10003,10288,78,
700,94589,133,10132,10564,58,
701,94589,133,10567,70299,59,
702,94589,121,9926,9920,67,
703,94589,121,9921,9925,73,
704,94589,133,10281,10571,75,
705,94589,121,9923,9935,79,
706,94590,128,9995,9989,46,
707,94590,145,10519,10530,46,
708,94590,145,10066,10527,57,
709,94590,128,2454,10506,65,
710,94590,145,14487,10531,68,
711,94590,128,2519,9997,85,
712,94591,134,10143,10150,46,
713,94591,134,10493,10147,63,
714,94591,126,9962,9960,75,
715,94591,134,10128,10127,80,
716,94591,126,9964,9951,84,
717,94591,126,9971,41,88,
718,94592,135,10093,10101,62,
719,94592,1062,9880,9901,70,
720,94592,135,10098,10105,77,
721,94592,1062,9894,9896,81,
722,94592,1062,9886,9883,86,
723,94592,135,10106,10103,86,
724,94593,145,14487,10368,46,
725,94593,145,70796,10533,53,
726,94593,120,10072,9793,66,
727,94593,145,10526,10532,75,
728,94593,120,10073,10065,78,
729,94593,120,10076,10056,82,
730,94594,118,9706,10027,43,
731,94594,127,34,10163,55,
732,94594,127,2511,10166,56,
733,94594,118,42163,10042,69,
734,94594,127,2612,10175,80,
735,94594,118,10041,10044,82,
736,94595,154,10434,13445,62,
737,94595,129,10292,10278,67,
738,94595,154,10438,10436,74,
739,94595,129,50532,80187,77,
740,94595,154,10256,10435,80,
741,94595,129,80166,10283,84,
742,94596,121,9920,9926,46,
743,94596,131,10252,10241,61,
744,94596,121,9936,9932,63,
745,94596,131,10247,9396,73,
746,94596,131,10258,10331,81,
747,94596,121,9929,9924,86,
748,94597,124,10322,9970,62,
749,94597,119,125677,10391,67,
750,94597,119,10407,10400,67,
751,94597,124,10319,10318,77,
752,94597,119,10396,10387,81,
753,94597,124,10320,695,84,
754,94598,130,10501,10500,64,
755,94598,132,10207,10205,65,
756,94598,132,10006,9726,70,
757,94598,130,10480,10502,74,
758,94598,130,10491,10507,74,
759,94598,132,10203,10198,79,
760,94599,128,9989,19420,61,
761,94599,151,10346,10356,61,
762,94599,128,2519,10506,72,
763,94599,151,10338,10350,73,
764,94599,128,10004,10182,77,
765,94599,151,10364,10363,81,
766,94600,133,10132,10564,46,
767,94600,150,10462,10459,55,
768,94600,133,10573,10579,58,
769,94600,133,10281,10567,72,
770,94600,150,10028,41277,72,
771,94600,150,63981,10272,90,5
772,94601,124,10321,9970,46,
773,94601,124,10322,10329,46,
774,94601,1062,9880,9901,61,
775,94601,124,10320,695,73,
776,94601,1062,2492,44494,74,
777,94601,1062,9894,9893,82,
778,94602,135,2485,10086,48,
779,94602,145,10544,10527,51,
780,94602,135,10093,10105,55,
781,94602,145,80312,10518,56,
782,94602,145,14487,10529,71,
783,94602,135,10084,10087,86,
784,94603,120,10076,80475,58,
785,94603,120,10052,10059,58,
786,94603,134,10134,10130,68,
787,94603,134,10127,10147,78,
788,94603,134,10129,9406,80,
789,94603,120,10062,10065,90,
790,94604,132,41247,10214,63,
791,94604,129,80186,77714,66,
792,94604,129,10278,10292,68,
793,94604,132,10207,9726,77,
794,94604,132,42100,10188,80,
795,94604,129,50532,80474,83,
796,94605,150,10290,9324,46,
797,94605,150,10462,80381,58,
798,94605,154,10436,10434,59,
799,94605,150,10450,10459,63,
800,94605,154,13445,10429,77,
801,94605,154,10438,10256,84,
802,94606,130,10484,2414,57,
803,94606,127,34,10163,61,
804,94606,127,10175,10168,66,
805,94606,130,10323,69198,70,
806,94606,127,2488,2511,78,
807,94606,130,10502,133188,84,
808,94607,151,10339,10338,49,
809,94607,151,10359,64046,58,
810,94607,133,10564,10565,67,
811,94607,151,10336,80277,78,
812,94607,133,70299,10572,79,
813,94607,133,10240,10569,84,
814,94608,119,10392,10402,59,
815,94608,131,10244,10331,67,
816,94608,119,10406,10398,75,
817,94608,131,10252,9396,75,
818,94608,131,10258,10249,81,
819,94608,119,10396,10397,82,
820,94609,118,10015,10019,43,
821,94609,118,9706,10039,46,
822,94609,121,9932,9924,46,
823,94609,121,1793,9934,69,
824,94609,118,10033,10027,79,
825,94610,126,9957,9959,46,
826,94610,128,9989,9997,57,
827,94610,126,9959,9966,61,
828,94610,128,2519,10506,69,
829,94610,128,10000,19420,74,
830,94610,126,9972,9962,82,
831,94611,1062,70593,9883,46,
832,94611,1062,9880,44494,46,
833,94611,134,10493,10144,64,
834,94611,134,10142,10133,71,
835,94611,1062,9886,9901,78,
836,94611,134,1977,10119,81,
837,94612,118,10042,9706,11,
838,94612,151,55148,10346,20,
839,94612,118,10019,9927,57,
840,94612,151,10359,10358,63,
841,94612,151,10364,10360,68,
842,94612,118,42163,10039,71,
843,94613,132,10207,9726,56,
844,94613,145,10518,10531,64,
845,94613,132,10390,10223,69,
846,94613,145,70796,10529,75,
847,94613,145,10525,14487,82,
848,94613,132,10203,10205,83,
849,94614,120,10076,80475,46,
850,94614,131,10254,10257,68,
851,94614,120,10062,10064,70,
852,94614,131,10331,10258,75,
853,94614,131,10241,10250,81,
854,94614,120,10073,41810,81,
855,94615,128,19420,10162,9,
856,94615,135,10084,10104,25,
857,94615,128,10162,9986,46,
858,94615,135,10090,10085,54,
859,94615,128,10000,9995,62,
860,94615,135,10105,10101,68,
861,94616,124,10329,695,46,
862,94616,150,9687,10290,57,
863,94616,124,10320,9975,61,
864,94616,150,10450,41277,71,
865,94616,150,64288,9324,78,
866,94616,124,10300,64331,83,
867,94617,154,13445,36009,60,
868,94617,119,10407,10404,65,
869,94617,154,10412,10426,69,
870,94617,119,10397,10403,73,
871,94617,154,10438,10434,80,
872,94617,119,10380,10379,90,6
873,94618,130,10499,69198,46,
874,94618,121,9917,9916,54,
875,94618,121,9925,9921,64,
876,94618,130,10502,2414,73,
877,94618,130,10482,10323,78,
878,94618,121,9939,12788,78,
879,94619,129,10265,10271,53,
880,94619,126,9964,9957,63,
881,94619,129,10292,80171,71,
882,94619,126,9971,9962,72,
883,94619,129,50532,10278,79,
884,94619,126,9955,9965,82,
885,94620,133,10132,10579,55,
886,94620,133,10551,10573,67,
887,94620,127,30408,10168,68,
888,94620,133,10565,10571,70,
889,94620,127,10174,10175,78,
890,94620,127,2612,2511,88,
891,94621,1062,44494,9900,46,
892,94621,1062,9893,47552,60,
893,94621,118,42163,10042,67,
894,94621,1062,9899,9891,72,
895,94621,118,10041,10044,72,
896,94621,118,10167,9927,82,
897,94622,131,10252,2411,59,
898,94622,131,10254,10261,65,
899,94622,145,10368,10523,76,
900,94622,145,10525,10541,79,
901,94622,131,10243,10258,79,
902,94622,145,10527,10532,83,
903,94623,120,10073,10064,58,
904,94623,132,10207,9726,66,
905,94623,120,10068,10204,68,
906,94623,120,80475,9793,76,
907,94623,132,10390,10205,83,
908,94623,132,10006,10202,89,
909,94624,129,10292,80171,62,
910,94624,127,70368,500,70,
911,94624,127,10175,10180,71,
912,94624,129,50532,10278,79,
913,94624,127,30408,10168,81,
914,94624,129,80166,77669,86,
915,94625,150,10272,80381,46,
916,94625,150,41277,10450,65,
917,94625,135,10101,10091,69,
918,94625,135,2485,10086,75,
919,94625,150,9687,10463,86,
920,94625,135,10104,10103,86,
921,94626,151,80277,10359,18,
922,94626,119,1065,125676,24,
923,94626,119,10392,10397,38,
924,94626,151,10350,10336,66,
925,94626,119,10398,10405,78,
926,94626,151,10362,10358,85,
927,94627,130,10323,69198,70,
928,94627,134,10128,10127,70,
929,94627,134,10147,10149,79,
930,94627,130,10507,10495,85,
931,94627,134,10119,9700,88,
932,94627,130,10502,10499,90,5
933,94628,124,695,10322,55,
934,94628,121,9921,9924,68,
935,94628,121,1793,9933,69,
936,94628,124,10318,10315,74,
937,94628,121,9926,9920,78,
938,94628,124,10311,10314,83,
939,94629,154,10438,9940,46,
940,94629,128,19420,10000,71,
941,94629,128,10004,9997,76,
942,94629,154,10427,10256,79,
943,94629,154,10436,10434,82,
944,94629,128,2454,2519,89,
945,94630,133,10561,10552,40,
946,94630,133,10571,10578,46,
947,94630,126,9971,9962,61,
948,94630,126,9951,9961,73,
949,94630,133,10564,10569,74,
950,94630,126,9964,9949,90,
951,94631,134,1977,10119,46,
952,94631,134,10142,10129,60,
953,94631,129,80166,80474,60,
954,94631,129,80171,10278,60,
955,94631,129,10283,77665,77,
956,94631,134,10150,10493,86,
957,94632,150,80381,64288,32,
958,94632,150,9324,70599,58,
959,94632,118,9927,10042,63,
960,94632,118,42163,10044,72,
961,94632,150,9687,10462,72,
962,94632,118,10040,10039,83,
963,94633,128,2519,9995,61,
964,94633,128,9989,10000,61,
965,94633,132,10194,41247,66,
966,94633,132,10390,10223,75,
967,94633,132,10195,10214,82,
968,94633,128,19420,9997,84,
969,94634,131,10258,10250,67,
970,94634,1062,2492,9901,71,
971,94634,131,10261,10257,72,
972,94634,1062,9886,9883,84,
973,94634,131,10244,10260,86,
974,94634,1062,9880,44494,88,
975,94635,135,10106,10104,61,
976,94635,135,10098,106485,67,
977,94635,133,70299,10567,72,
978,94635,133,10578,10579,77,
979,94635,133,10574,10569,77,
980,94635,135,10101,10097,85,
981,94636,121,9925,9920,46,
982,94636,127,10156,10165,60,
983,94636,121,9936,9926,62,
984,94636,127,2612,2511,70,
985,94636,121,9921,9931,82,
986,94636,127,10180,10175,86,
987,94637,145,10368,140452,56,
988,94637,124,10311,10312,69,
989,94637,124,695,10322,69,
990,94637,145,10544,10534,76,
991,94637,124,10329,60925,81,
992,94637,145,10525,10514,90,1
993,94638,154,13445,10434,46,
994,94638,151,10362,80277,63,
995,94638,154,10427,10429,67,
996,94638,151,10346,10359,72,
997,94638,154,9940,10436,77,
998,94638,151,10336,10353,83,
999,94639,120,2497,10045,46,
1000,94639,120,80475,10056,46,
1001,94639,119,10406,10398,61,
1002,94639,120,10068,41810,77,
1003,94639,119,10387,10396,80,
1004,94639,119,10402,10391,85,
1005,94640,126,41,9949,64,
1006,94640,130,10323,10500,67,
1007,94640,130,10502,10499,67,
1008,94640,126,9962,9965,72,
1009,94640,126,9964,9967,79,
1010,94640,130,10507,69198,86,
1011,94641,127,2511,10177,61,
1012,94641,145,10544,10066,67,
1013,94641,145,10368,140452,67,
1014,94641,145,10525,10514,75,
1015,94641,127,10166,70368,76,
1016,94641,127,34,10163,84,
1017,94642,1062,9890,9882,34,
1018,94642,1062,9894,9866,45,
1019,94642,120,10068,10071,59,
1020,94642,120,10056,10062,59,
1021,94642,120,10072,41810,78,
1022,94642,1062,2492,47552,78,
1023,94643,131,10230,10238,51,
1024,94643,129,10278,10292,63,
1025,94643,129,10275,77714,69,
1026,94643,131,10250,10257,74,
1027,94643,131,10258,10249,84,
1028,94643,129,50532,77669,85,
1029,94644,135,10105,10106,30,
1030,94644,130,10485,50081,52,
1031,94644,135,10098,9586,65,
1032,94644,130,10507,10500,72,
1033,94644,135,10101,10103,73,
1034,94644,130,10495,10502,80,
1035,94645,150,9687,10290,55,
1036,94645,132,10223,10207,66,
1037,94645,150,9324,9298,69,
1038,94645,150,10272,41277,81,
1039,94645,132,10203,10194,81,
1040,94645,132,42100,10224,89,
1041,94646,124,10318,10315,52,
1042,94646,154,10256,10438,58,
1043,94646,154,10287,10434,58,
1044,94646,154,9940,10436,81,
1045,94646,124,695,10303,90,1
1046,94647,151,10348,10339,46,
1047,94647,151,10196,10349,51,
1048,94647,151,10335,10334,58,
1049,94647,121,9932,9936,59,
1050,94647,121,12788,9918,63,
1051,94647,121,1793,9933,72,
1052,94648,126,9964,80552,53,
1053,94648,119,10400,10398,58,
1054,94648,119,10317,10387,62,
1055,94648,126,9962,9949,66,
1056,94648,126,41,143365,77,
1057,94648,119,10396,10403,78,
1058,94649,128,9997,51296,63,
1059,94649,134,9961,10127,64,
1060,94649,134,1977,10126,66,
1061,94649,134,10134,10130,79,
1062,94649,128,9980,10162,80,
1063,94650,133,10037,10575,57,
1064,94650,133,10569,143367,68,
1065,94650,133,10561,10552,74,
1066,94650,118,10042,10039,80,
1067,94650,118,42163,9927,84,
1068,94650,118,10041,10044,88,
1069,94651,145,10519,80312,46,
1070,94651,145,10544,10534,56,
1071,94651,134,9961,10147,66,
1072,94651,134,10149,9406,67,
1073,94651,145,140452,10530,68,
1074,94651,134,10134,10127,83,
1075,94652,1062,70593,9880,46,
1076,94652,1062,9894,47552,46,
1077,94652,1062,9886,9883,67,
1078,94652,119,10400,10397,70,
1079,94652,119,10406,133185,75,
1080,94652,119,10403,133183,82,
1081,94653,118,42163,10042,46,
1082,94653,154,9940,10436,66,
1083,94653,118,9927,10039,67,
1084,94653,154,10434,9727,72,
1085,94653,118,10040,10044,79,
1086,94653,154,10438,10433,85,
1087,94654,120,10067,10071,56,
1088,94654,129,50532,77669,66,
1089,94654,120,10073,10076,73,
1090,94654,129,10292,10278,76,
1091,94654,129,10003,77665,83,
1092,94654,120,10049,10062,86,
1093,94655,132,10223,10006,46,
1094,94655,133,10575,10574,56,
1095,94655,132,10213,10208,67,
1096,94655,133,10578,10037,70,
1097,94655,132,10207,10224,77,
1098,94655,133,10552,10561,78,
1099,94656,128,71,10182,65,
1100,94656,128,10004,2428,69,
1101,94656,128,10000,9989,76,
1102,94656,127,2612,10175,83,
1103,94656,127,34,10163,90,
1104,94657,131,10242,10250,61,
1105,94657,124,10315,10314,64,
1106,94657,131,10247,10261,71,
1107,94657,131,10257,10254,77,
1108,94657,124,10311,10324,80,
1109,94657,124,10319,10303,90,4
1110,94658,151,80277,10359,46,
1111,94658,151,10362,64046,63,
1112,94658,130,10494,10502,70,
1113,94658,130,10507,10323,76,
1114,94658,130,10501,69198,82,
1115,94658,151,10352,10346,84,
1116,94659,135,10105,10098,65,
1117,94659,135,10104,10103,71,
1118,94659,121,1793,9933,72,
1119,94659,135,10082,10084,72,
1120,94659,121,9936,9932,78,
1121,94659,121,9926,9918,84,
1122,94660,126,9955,9972,46,
1123,94660,150,80381,41277,60,
1124,94660,126,9971,9969,61,
1125,94660,126,9964,9967,62,
1126,94660,150,9687,9298,68,
1127,94660,150,9324,53956,79,
1128,94662,126,9969,9971,59,
1129,94662,126,9959,9955,59,
1130,94662,120,10062,10071,65,
1131,94662,120,9793,10076,75,
1132,94662,126,9957,9967,86,
1133,94662,120,10073,10070,89,
1134,94663,131,10249,10250,71,
1135,94663,118,10033,9927,77,
1136,94663,118,10042,10039,83,
1137,94663,131,10258,10260,84,
1138,94663,118,10167,10044,85,
1139,94663,131,10261,10257,90,1
1140,94664,135,10098,9586,46,
1141,94664,127,10177,2511,46,
1142,94664,135,10097,10087,65,
1143,94664,135,10106,10104,72,
1144,94664,127,10180,10175,88,
1145,94664,127,2612,10159,90,1
1146,94665,150,9687,10290,46,
1147,94665,150,10272,41277,63,
1148,94665,129,10003,77665,70,
1149,94665,129,10292,10278,71,
1150,94665,129,77714,80171,83,
1151,94665,150,9324,53956,85,
1152,94666,154,10408,10410,36,
1153,94666,154,10427,10287,66,
1154,94666,121,9932,9918,66,
1155,94666,121,1793,9934,73,
1156,94666,121,9936,9935,76,
1157,94666,154,10436,10435,83,
1158,94667,124,10315,10322,68,
1159,94667,151,10353,133627,69,
1160,94667,151,10359,80653,72,
1161,94667,151,10352,10366,85,
1162,94667,124,10303,60925,87,
1163,94668,119,10382,10403,56,
1164,94668,132,10189,41247,64,
1165,94668,119,10398,10404,66,
1166,94668,132,10194,10199,73,
1167,94668,132,10195,42100,76,
1168,94668,119,10402,10397,90,
1169,94669,130,10480,10481,46,
1170,94669,128,10506,10182,65,
1171,94669,128,9986,9989,67,
1172,94669,130,10507,10492,67,
1173,94669,128,10000,51296,78,
1174,94669,130,10502,10500,78,
1175,94670,133,10564,10571,46,
1176,94670,133,10578,10574,65,
1177,94670,134,10129,9961,74,
1178,94670,134,10235,10120,77,
1179,94670,133,10575,10037,82,
1180,94670,134,10150,10493,84,
1181,94671,134,10128,10134,60,
1182,94671,154,9940,10429,66,
1183,94671,154,10420,10421,69,
1184,94671,134,10143,10142,72,
1185,94671,154,9727,10422,73,
1186,94671,134,10150,10493,82,
1187,94672,133,10571,10564,46,
1188,94672,1062,9880,9886,58,
1189,94672,133,10575,10578,58,
1190,94672,133,70299,143367,72,
1191,94672,1062,9888,9901,78,
1192,94672,1062,9899,9894,88,
1193,94673,120,80475,10049,35,
1194,94673,120,10072,10060,66,
1195,94673,118,10042,10039,74,
1196,94673,120,10068,10062,77,
1197,94673,118,10041,10044,82,
1198,94673,118,9927,374,82,
1199,94674,135,10106,10104,26,
1200,94674,129,77669,80171,56,
1201,94674,135,10101,9586,60,
1202,94674,129,77665,10003,70,
1203,94674,135,10105,106485,74,
1204,94674,129,10292,10278,89,
1205,94675,131,10242,10252,46,
1206,94675,131,10244,10257,61,
1207,94675,132,10205,10224,69,
1208,94675,132,10006,9726,69,
1209,94675,132,10390,10208,79,
1210,94675,131,10261,10260,88,
1211,94676,119,10378,10380,11,
1212,94676,119,10402,10376,20,
1213,94676,127,10173,10166,69,
1214,94676,119,10396,10404,73,
1215,94676,127,2612,10177,85,
1216,94676,127,10174,10175,87,
1217,94677,124,10328,695,46,
1218,94677,128,2519,10000,46,
1219,94677,128,10182,10506,57,
1220,94677,124,10311,10320,63,
1221,94677,128,9980,9988,66,
1222,94677,124,9970,10303,74,
1223,94678,145,10508,10511,46,
1224,94678,130,10484,10482,65,
1225,94678,130,10323,10505,65,
1226,94678,145,70796,10534,73,
1227,94678,145,10066,10531,75,
1228,94678,130,10507,69198,79,
1229,94679,150,9687,10290,46,
1230,94679,150,9324,9331,62,
1231,94679,121,9926,9918,68,
1232,94679,121,9936,9923,73,
1233,94679,150,9963,80381,78,
1234,94679,121,9929,9925,81,
1235,94680,126,9969,9971,45,3
1236,94680,126,9955,9967,46,
1237,94680,151,10359,80653,64,
1238,94680,126,9949,9965,75,
1239,94680,151,10364,10340,75,
1240,94680,151,80277,64046,82,
1241,94681,132,53958,10006,12,
1242,94681,134,10128,10150,69,
1243,94681,132,10390,10207,71,
1244,94681,134,10129,9961,78,
1245,94681,132,10192,9726,79,
1246,94681,134,10143,9406,85,
1247,94682,1062,2492,44494,24,
1248,94682,1062,9888,9889,75,
1249,94682,129,50532,80186,79,
1250,94682,129,80171,10278,83,
1251,94682,129,10267,77669,84,
1252,94682,1062,9880,9886,87,
1253,94683,145,10526,10534,46,
1254,94683,145,10514,10529,46,
1255,94683,118,9927,10167,62,
1256,94683,145,10544,10531,67,
1257,94683,118,10041,10044,81,
1258,94683,118,10040,42163,83,
1259,94684,131,10249,10250,46,
1260,94684,131,10252,10241,58,
1261,94684,133,10578,10037,70,
1262,94684,133,10564,10132,71,
1263,94684,133,10281,10574,75,
1264,94684,131,10254,10257,85,
1265,94685,127,2511,30408,46,
1266,94685,127,10157,500,46,
1267,94685,126,9958,9962,67,
1268,94685,127,10163,34,77,
1269,94685,126,9971,9964,85,
1270,94685,126,9959,9966,90,3
1271,94686,130,10499,69198,56,
1272,94686,130,10323,106510,67,
1273,94686,124,10320,9982,75,
1274,94686,124,9970,695,87,
1275,94686,130,10482,133187,87,
1276,94686,124,10328,10322,90,
1277,94687,154,10438,10256,37,
1278,94687,154,10434,9940,68,
1279,94687,120,10073,10204,70,
1280,94687,120,10068,10071,70,
1281,94687,120,10069,9793,82,
1282,94687,154,10256,10429,87,
1283,94688,135,2485,10086,46,
1284,94688,151,10359,80653,59,
1285,94688,135,10101,10096,71,
1286,94688,135,10097,9586,78,
1287,94688,151,10348,133627,82,
1288,94688,151,80277,9896,86,
1289,94689,121,9923,9936,46,
1290,94689,121,9926,9918,57,
1291,94689,119,10396,10398,61,
1292,94689,121,1793,9933,71,
1293,94689,119,10406,10405,77,
1294,94689,119,10379,10380,84,
1295,94690,150,9341,10445,28,
1296,94690,150,10446,10458,59,
1297,94690,128,19420,9989,67,
1298,94690,128,9997,2519,73,
1299,94690,150,9963,80381,74,
1300,94690,128,10004,9986,79,
1301,94691,134,10133,10493,8,
1302,94691,118,9927,42163,58,
1303,94691,118,10033,10044,67,
1304,94691,134,10121,1977,70,
1305,94691,118,10040,10039,74,
1306,94691,134,10134,10130,79,
1307,94692,120,10073,9793,63,
1308,94692,120,41810,10076,63,
1309,94692,124,10320,10330,72,
1310,94692,120,10062,10071,76,
1311,94692,124,10311,695,77,
1312,94692,124,10305,10300,84,
1313,94693,129,10292,10003,46,
1314,94693,129,50532,77714,46,
1315,94693,151,10352,133627,77,
1316,94693,129,80171,10288,81,
1317,94693,151,10364,80653,81,
1318,94693,151,10359,10340,87,
1319,94694,132,9726,10390,46,
1320,94694,127,10166,10175,59,
1321,94694,132,10203,10208,63,
1322,94694,127,10177,2511,76,
1323,94694,132,10224,10006,78,
1324,94694,127,10175,10179,90,3
1325,94695,119,10396,10403,63,
1326,94695,135,10091,106485,73,
1327,94695,135,10105,9586,73,
1328,94695,135,10098,10103,78,
1329,94695,119,10402,10391,79,
1330,94695,119,10384,10386,90,3
1331,94696,150,9324,41277,46,
1332,94696,150,53956,146378,75,
1333,94696,145,10534,10582,75,
1334,94696,145,10529,10368,79,
1335,94696,150,10290,9298,83,
1336,94696,145,70796,10514,88,
1337,94697,131,10258,10254,63,
1338,94697,130,10505,10507,68,
1339,94697,130,10498,10492,74,
1340,94697,130,10482,10500,78,
1341,94697,131,10261,10250,78,
1342,94697,131,10241,10260,87,
1343,94698,121,9918,9934,59,
1344,94698,1062,9899,9900,65,
1345,94698,121,9933,9926,70,
1346,94698,1062,47552,9894,70,
1347,94698,121,9929,9920,82,
1348,94698,1062,9883,9882,89,
1349,94699,154,10256,13445,48,
1350,94699,126,9959,9962,59,
1351,94699,126,41,9967,72,
1352,94699,154,10434,9940,77,
1353,94699,154,10436,10433,81,
1354,94700,133,10571,9783,70,
1355,94700,128,71,9995,70,
1356,94700,133,10578,10575,73,
1357,94700,128,9999,10506,73,
1358,94700,128,2454,9989,82,
1359,94700,133,10564,10037,85,
1360,94701,145,140452,78021,25,
1361,94701,145,10518,80312,37,
1362,94701,133,70299,9783,46,
1363,94701,133,10281,10571,46,
1364,94701,145,10534,54065,74,
1365,94701,133,10575,10037,85,
1366,94702,126,9976,9967,40,
1367,94702,118,10013,9706,41,
1368,94702,118,10042,10039,46,
1369,94702,126,41,9949,48,
1370,94702,118,10167,10038,61,
1371,94702,126,9964,9962,73,
1372,94703,151,10350,10346,46,
1373,94703,120,10061,10049,64,
1374,94703,120,10073,10071,78,
1375,94703,151,10359,80653,79,
1376,94703,120,10069,10070,82,
1377,94703,151,10353,64046,88,
1378,94704,131,10249,10245,62,
1379,94704,134,10143,10147,73,
1380,94704,131,10254,10257,79,
1381,94704,134,10130,10134,81,
1382,94704,131,10258,10251,83,
1383,94704,134,10493,10149,87,
1384,94705,135,10105,10096,46,
1385,94705,124,10320,10314,61,
1386,94705,135,10103,10107,67,
1387,94705,124,9982,10300,74,
1388,94705,135,10101,106485,77,
1389,94705,124,10311,10325,87,
1390,94706,150,10290,9687,23,
1391,94706,119,10385,10380,32,
1392,94706,119,10403,10391,53,
1393,94706,119,10382,10398,69,
1394,94706,150,10450,53956,70,
1395,94706,150,9324,9331,90,
1396,94707,1062,9894,9881,46,
1397,94707,1062,9888,9889,67,
1398,94707,1062,9880,47552,73,
1399,94707,127,10177,10179,84,
1400,94707,127,10166,10169,90,1
1401,94708,154,10438,13445,54,
1402,94708,132,10224,10006,65,
1403,94708,132,10203,10208,70,
1404,94708,154,10434,10429,74,
1405,94708,154,10437,10256,86,
1406,94708,132,10193,9726,86,
1407,94709,129,10003,10288,46,
1408,94709,129,80171,10275,46,
1409,94709,130,10482,10484,64,
1410,94709,130,10502,10492,75,
1411,94709,129,77714,78045,75,
1412,94709,130,10507,10505,83,
1413,94710,121,1793,9935,25,
1414,94710,121,9926,9932,61,
1415,94710,128,9999,51296,80,
1416,94711,134,10119,1977,46,
1417,94711,127,500,70368,46,
1418,94711,127,10159,10165,53,
1419,94711,134,10134,10150,63,
1420,94711,127,10179,2511,64,
1421,94711,134,10142,9961,73,
1422,94712,130,10484,10483,46,
1423,94712,1062,9888,9901,56,
1424,94712,130,10505,10492,63,
1425,94712,130,10498,10323,72,
1426,94712,1062,9881,9886,85,
1427,94712,1062,47552,9893,85,
1428,94713,129,80171,77665,32,
1429,94713,129,91826,10288,59,
1430,94713,145,54065,10542,68,
1431,94713,129,10271,10273,73,
1432,94713,145,10514,10534,74,
1433,94713,145,10536,10525,78,
1434,94714,132,10208,10006,55,
1435,94714,135,10086,115530,65,
1436,94714,135,10096,10106,68,
1437,94714,132,10224,10214,70,
1438,94714,132,10202,10189,79,
1439,94714,135,10105,10093,83,
1440,94715,124,10307,10303,10,
1441,94715,118,9927,42163,46,
1442,94715,118,10167,10039,46,
1443,94715,124,10318,10314,70,
1444,94715,118,10042,10038,76,
1445,94715,124,695,10330,80,
1446,94716,150,10440,10442,46,
1447,94716,151,80277,80253,63,
1448,94716,150,9687,9298,64,
1449,94716,151,10355,10340,74,
1450,94716,150,9324,9331,74,
1451,94716,151,10359,9896,80,
1452,94717,119,10395,10317,45,
1453,94717,128,9988,9997,54,
1454,94717,128,10506,10182,63,
1455,94717,119,10388,10403,74,
1456,94717,128,9999,9995,74,
1457,94717,119,10402,10398,88,
1458,94718,120,10068,10061,50,
1459,94718,120,10054,10078,58,
1460,94718,121,9934,12915,70,
1461,94718,121,9932,9918,76,
1462,94718,121,9924,9925,82,
1463,94718,120,10070,10204,83,
1464,94719,131,10258,10260,59,
1465,94719,126,9959,9967,67,
1466,94719,131,10261,10251,70,
1467,94719,131,9396,10257,79,
1468,94719,126,9962,80552,84,
1469,94719,126,9957,9966,89,
1470,94720,154,10020,54080,45,4
1471,94720,133,10571,10569,46,
1472,94720,133,10575,9783,46,
1473,94720,154,10256,10429,60,
1474,94720,154,10434,10433,78,
1475,94720,133,10574,10564,83,
1476,94721,145,54065,78021,46,
1477,94721,119,10376,10391,46,
1478,94721,145,10527,10532,57,
1479,94721,145,10514,10534,71,
1480,94721,119,10404,10382,79,
1481,94721,119,10402,10397,83,
1482,94722,135,10101,10096,46,
1483,94722,126,41,9962,46,
1484,94722,126,9959,9967,64,
1485,94722,135,10097,10091,74,
1486,94722,135,10105,10093,77,
1487,94722,126,9957,9964,77,
1488,94723,1062,9881,9900,46,
1489,94723,1062,47552,9894,63,
1490,94723,150,9324,53956,63,
1491,94723,150,10272,10449,74,
1492,94723,150,9687,146378,78,
1493,94723,1062,9899,9865,90,2
1494,94724,124,9970,695,60,
1495,94724,124,10320,9982,60,
1496,94724,134,10129,10144,68,
1497,94724,134,10142,9406,80,
1498,94724,124,10329,60925,83,
1499,94724,134,10143,10134,90,
1500,94725,127,10179,2511,16,
1501,94725,154,10256,10436,45,
1502,94725,127,30408,10176,46,
1503,94725,154,36009,10287,69,
1504,94725,154,10435,10434,84,
1505,94725,127,70368,10157,85,
1506,94726,131,10244,10251,70,
1507,94726,131,10252,10261,77,
1508,94726,151,10353,133627,83,
1509,94726,131,10260,10250,83,
1510,94726,151,10352,80253,86,
1511,94726,151,10359,10196,89,
1512,94727,130,10498,10492,46,
1513,94727,130,10501,10500,61,
1514,94727,118,9927,10035,67,
1515,94727,118,10041,10039,72,
1516,94727,130,10502,69198,73,
1517,94727,118,10042,10167,90,2
1518,94728,121,9932,9936,46,
1519,94728,121,9934,12915,59,
1520,94728,121,9926,9920,67,
1521,94728,132,10390,42100,72,
1522,94728,132,41247,10224,72,
1523,94728,132,10211,10189,85,
1524,94729,128,10002,10162,46,
1525,94729,128,71,9985,52,
1526,94729,128,19420,9997,73,
1527,94729,129,80166,10288,77,
1528,94729,129,10279,10269,81,
1529,94729,129,50532,77665,87,
1530,94730,120,10051,10059,33,
1531,94730,120,10076,10071,49,
1532,94730,133,9783,10564,59,
1533,94730,133,10575,143367,63,
1534,94730,120,10061,10049,70,
1535,94730,133,143368,12965,84,
1536,94731,121,9932,9918,57,
1537,94731,134,10144,10129,63,
1538,94731,121,9931,9913,67,
1539,94731,134,10150,10493,77,
1540,94731,121,9936,9920,83,
1541,94731,134,10142,9406,84,
1542,94732,1062,9863,9882,46,
1543,94732,128,10506,10004,46,
1544,94732,128,10000,19420,64,
1545,94732,128,2454,9999,65,
1546,94732,1062,9899,9900,70,
1547,94732,1062,9888,9880,87,
1548,94733,118,9927,10035,46,
1549,94733,118,10042,10039,59,
1550,94733,129,10271,10269,62,
1551,94733,118,10041,10044,64,
1552,94733,129,50532,80171,71,
1553,94733,129,10283,10292,79,
1554,94734,150,10272,10449,35,
1555,94734,120,10052,10059,46,
1556,94734,150,9963,10290,63,
1557,94734,120,10073,10078,65,
1558,94734,120,10069,10060,75,
1559,94734,150,9687,9331,76,
1560,94735,132,41247,10224,46,
1561,94735,151,10336,10367,59,
1562,94735,151,10349,10340,62,
1563,94735,151,80653,133627,70,
1564,94735,132,10390,10208,75,
1565,94735,132,10193,10205,80,
1566,94736,135,10090,10085,19,
1567,94736,131,10252,10250,57,
1568,94736,131,10241,10261,74,
1569,94736,135,10101,10093,75,
1570,94736,135,10104,41292,78,
1571,94736,131,10244,10258,82,
1572,94737,127,10177,10166,62,
1573,94737,127,30408,10173,67,
1574,94737,127,34,10163,70,
1575,94737,124,10311,60925,72,
1576,94737,124,9970,10315,74,
1577,94737,124,695,10329,81,
1578,94738,154,10436,36009,60,
1579,94738,130,10495,69198,62,
1580,94738,130,10505,2414,62,
1581,94738,154,10417,10435,71,
1582,94738,154,10438,10429,71,
1583,94738,130,10323,10507,79,
1584,94739,133,10575,12965,46,
1585,94739,119,10402,10397,61,
1586,94739,133,9783,10564,62,
1587,94739,133,10578,143367,67,
1588,94739,119,10376,10398,83,
1589,94740,126,9945,9967,46,
1590,94740,145,10514,10517,55,
1591,94740,145,10522,10530,61,
1592,94740,145,10532,10529,77,
1593,94740,126,9964,9959,78,
1594,94740,126,9972,10108,87,
1595,94741,151,133627,10346,61,
1596,94741,134,10128,10131,66,
1597,94741,151,10352,157991,67,
1598,94741,134,10133,10149,74,
1599,94741,134,1977,10119,79,
1600,94741,151,80277,10367,81,
1601,94742,145,10544,80312,33,
1602,94742,145,10517,54065,59,
1603,94742,145,10530,10525,63,
1604,94742,121,9935,9923,64,
1605,94742,121,9918,9926,65,
1606,94742,121,9934,12915,87,
1607,94743,118,374,9927,51,
1608,94743,119,10404,10400,63,
1609,94743,118,10041,10044,68,
1610,94743,119,10403,10397,76,
1611,94743,118,10035,10038,81,
1612,94743,119,10398,10317,82,
1613,94744,133,143368,10281,33,
1614,94744,129,10275,10292,46,
1615,94744,129,50532,77665,46,
1616,94744,133,10574,9783,46,
1617,94744,133,12965,10569,59,
1618,94744,129,77714,10278,83,
1619,94745,128,9987,10002,55,
1620,94745,128,9999,10506,58,
1621,94745,131,10242,10252,72,
1622,94745,131,10241,10260,74,
1623,94745,128,2454,9989,78,
1624,94745,131,10254,10257,82,
1625,94746,135,10091,10096,46,
1626,94746,154,10434,10429,46,
1627,94746,154,10438,9940,62,
1628,94746,135,10101,10103,71,
1629,94746,154,10256,10435,73,
1630,94746,135,10105,9586,90,
1631,94747,150,10028,41277,60,
1632,94747,127,2612,10177,70,
1633,94747,127,10168,10166,70,
1634,94747,150,9963,80381,71,
1635,94747,150,10446,9687,79,
1636,94747,127,10174,10169,90,3
1637,94748,124,695,10329,46,
1638,94748,132,10194,10188,66,
1639,94748,132,10390,53958,68,
1640,94748,132,10197,10189,75,
1641,94748,124,10320,60925,77,
1642,94748,124,10322,10311,85,
1643,94749,120,10071,10078,55,
1644,94749,130,10501,10500,62,
1645,94749,120,9793,10067,62,
1646,94749,130,10323,10492,67,
1647,94749,130,10498,10490,75,
1648,94749,120,10073,10064,83,
1649,94750,1062,9886,9881,56,
1650,94750,1062,47552,9894,56,
1651,94750,126,9967,9959,62,
1652,94750,126,9964,9966,67,
1653,94750,126,9971,10332,80,
1654,94750,1062,9899,9901,81,
1655,94751,132,42100,10194,30,
1656,94751,1062,9866,9880,46,
1657,94751,1062,9894,47552,60,
1658,94751,132,53958,10213,65,
1659,94751,1062,9888,9901,71,
1660,94751,132,10189,10197,83,
1661,94752,145,80312,10529,46,
1662,94752,154,10436,10435,60,
1663,94752,145,70796,10532,62,
1664,94752,154,10438,10433,69,
1665,94752,145,54065,14487,70,
1666,94752,154,10422,10426,79,
1667,94753,120,9793,10078,46,
1668,94753,120,10071,10067,65,
1669,94753,135,10096,10087,69,
1670,94753,135,10104,10093,73,
1671,94753,135,10105,10103,75,
1672,94753,120,10062,41810,79,
1673,94754,124,9970,695,46,
1674,94754,124,10322,10329,46,
1675,94754,129,80166,80171,58,
1676,94754,129,10268,10273,71,
1677,94754,129,10275,10283,78,
1678,94754,124,10315,10330,83,
1679,94755,131,10252,10241,46,
1680,94755,150,63981,41277,62,
1681,94755,150,146378,9324,67,
1682,94755,131,10258,10260,73,
1683,94755,150,10459,9687,78,
1684,94755,131,10242,10250,84,
1685,94756,127,2612,30408,67,
1686,94756,151,10352,10355,68,
1687,94756,151,10350,133627,71,
1688,94756,151,10349,10196,74,
1689,94756,127,10168,10177,76,
1690,94756,127,10177,10152,89,
1691,94757,134,1977,10119,46,
1692,94757,119,10388,10398,62,
1693,94757,134,10150,10142,75,
1694,94757,119,10404,10402,77,
1695,94757,134,10144,10131,90,
1696,94758,126,9957,9949,46,
1697,94758,126,9972,10108,62,
1698,94758,121,9916,9931,67,
1699,94758,121,9929,9924,69,
1700,94758,121,9932,9936,75,
1701,94758,126,9962,9959,77,
1702,94759,118,10031,10167,46,
1703,94759,118,374,10035,56,
1704,94759,118,10042,10038,68,
1705,94759,128,10004,9997,75,
1706,94759,128,10506,9999,77,
1707,94759,128,2454,9989,89,
1708,94760,130,10495,10500,30,
1709,94760,130,10492,10499,38,
1710,94760,133,10575,143367,46,
1711,94760,133,143368,10573,66,
1712,94760,130,10482,10488,69,
1713,94760,133,12965,10579,75,
1714,94761,134,10493,10144,61,
1715,94761,150,10459,41277,61,
1716,94761,150,10450,9324,71,
1717,94761,134,10133,10142,75,
1718,94761,150,9963,9687,81,
1719,94761,134,10150,10149,89,
1720,94762,132,10197,10213,46,
1721,94762,126,256,41,46,
1722,94762,132,53958,10006,58,
1723,94762,126,9956,9957,68,
1724,94762,132,10193,10208,76,
1725,94762,126,9962,9959,84,
1726,94763,135,10105,10103,68,
1727,94763,135,10096,9586,72,
1728,94763,118,10035,42163,72,
1729,94763,118,10042,10038,75,
1730,94763,118,10044,10039,76,
1731,94763,135,10104,10086,79,
1732,94764,127,10166,10177,46,
1733,94764,131,10249,10260,68,
1734,94764,131,10229,10228,70,
1735,94764,131,2411,10236,71,
1736,94764,127,2612,10171,79,
1737,94764,127,500,10157,80,
1738,94765,133,143368,10564,46,
1739,94765,133,12965,10281,46,
1740,94765,133,10561,10552,54,
1741,94765,124,10315,10314,63,
1742,94765,124,10305,10324,67,
1743,94765,124,10311,9970,79,
1744,94766,1062,9874,9876,21,
1745,94766,154,10434,10429,46,
1746,94766,1062,9883,9889,46,
1747,94766,154,10438,9940,52,
1748,94766,154,10437,10435,72,
1749,94766,1062,9891,9881,79,
1750,94767,151,10350,10355,55,
1751,94767,145,10368,10542,67,
1752,94767,145,10531,10066,70,
1753,94767,151,10349,10196,77,
1754,94767,151,10359,80653,82,
1755,94767,145,10526,10532,85,
1756,94768,119,10403,10391,46,
1757,94768,119,10404,10374,56,
1758,94768,130,10498,10490,60,
1759,94768,130,10484,10482,70,
1760,94768,130,10323,10500,77,
1761,94768,119,10386,10388,77,
1762,94769,129,80474,80166,46,
1763,94769,121,9917,9931,59,
1764,94769,121,9926,9918,65,
1765,94769,121,9934,12915,70,
1766,94769,129,10279,10275,72,
1767,94769,129,78045,10292,80,
1768,94770,120,9793,41810,58,
1769,94770,120,10062,10067,58,
1770,94770,128,19420,10002,66,
1771,94770,120,10048,10071,72,
1772,94770,128,10004,9999,78,
1773,94770,128,10506,51296,89,
1774,94771,134,10129,10144,29,
1775,94771,135,10084,10087,31,
1776,94771,134,10135,10131,50,
1777,94771,135,10105,9586,66,
1778,94771,134,10128,10142,68,
1779,94771,135,10101,10093,77,
1780,94772,151,10350,133627,40,
1781,94772,1062,9888,9881,46,
1782,94772,1062,9880,9889,62,
1783,94772,151,10352,157991,70,
1784,94772,151,10353,80653,83,
1785,94772,1062,44494,9891,89,
1786,94773,145,66899,10525,29,
1787,94773,128,9989,9995,46,
1788,94773,145,10530,10582,57,
1789,94773,128,2454,9986,67,
1790,94773,145,10521,10531,70,
1791,94773,128,10000,2519,90,1
1792,94774,132,10194,10188,45,5
1793,94774,118,10042,10041,46,
1794,94774,132,41247,53958,46,
1795,94774,132,10208,10207,64,
1796,94774,118,10044,10039,65,
1797,94774,118,10033,9927,70,
1798,94775,120,10067,10065,71,
1799,94775,127,10177,10178,77,
1800,94775,127,30408,10179,84,
1801,94775,120,10071,10049,87,
1802,94775,120,10078,9793,90,3
1803,94775,127,10174,2511,90,1
1804,94776,129,77714,10283,12,
1805,94776,119,10400,10398,59,
1806,94776,129,80166,80171,60,
1807,94776,119,10317,10404,70,
1808,94776,119,10401,10406,82,
1809,94776,129,10265,10273,90,
1810,94777,154,10429,36009,65,
1811,94777,131,10241,10258,68,
1812,94777,154,10438,10436,76,
1813,94777,154,10434,10433,76,
1814,94777,131,10242,10249,80,
1815,94777,131,10254,10257,87,
1816,94778,150,10462,53956,46,
1817,94778,130,10501,10500,68,
1818,94778,150,9324,10458,68,
1819,94778,150,80381,10290,78,
1820,94778,130,10498,10490,79,
1821,94778,130,10507,69198,84,
1822,94779,126,9964,9972,46,
1823,94779,126,9956,9959,46,
1824,94779,124,10328,10324,63,
1825,94779,124,10322,152856,72,
1826,94779,126,9962,41,82,
1827,94779,124,10311,9970,82,
1828,94780,121,9934,1793,46,
1829,94780,121,9936,9939,59,
1830,94780,133,10573,10579,60,
1831,94780,121,9918,9920,68,
1832,94780,133,10574,9783,76,
1833,94780,133,10281,10037,80,
1834,94781,145,10523,10542,46,
1835,94781,120,10064,80475,58,
1836,94781,120,10067,10072,70,
1837,94781,145,10513,10536,79,
1838,94781,120,10069,10065,82,
1839,94782,132,10199,10208,46,
1840,94782,130,10507,10500,68,
1841,94782,132,10390,53958,73,
1842,94782,130,10323,69198,77,
1843,94782,132,10006,10203,83,
1844,94782,130,10499,10483,90,2
1845,94783,135,10096,10105,46,
1846,94783,135,10101,10106,69,
1847,94783,1062,9880,9889,69,
1848,94783,1062,70593,9881,80,
1849,94783,135,10098,9586,84,
1850,94783,1062,47552,9894,90,1
1851,94784,133,10559,10550,54,
1852,94784,133,9783,12965,61,
1853,94784,150,41277,9687,65,
1854,94784,150,80381,146378,65,
1855,94784,150,10459,9298,76,
1856,94784,133,10564,10132,76,
1857,94785,127,10177,10166,46,
1858,94785,127,30408,2511,63,
1859,94785,118,10041,10039,64,
1860,94785,118,10042,10038,71,
1861,94785,118,374,9927,76,
1862,94785,127,10180,10171,90,
1863,94786,129,10269,10278,46,
1864,94786,154,10020,9832,55,
1865,94786,154,10256,10435,56,
1866,94786,129,77669,10292,66,
1867,94786,154,10434,36009,75,
1868,94786,129,80166,80171,76,
1869,94787,151,10352,9896,46,
1870,94787,151,10349,10196,46,
1871,94787,151,10348,80653,71,
1872,94787,128,10506,9999,75,
1873,94787,128,9997,9987,82,
1874,94787,128,9995,9989,83,
1875,94788,124,10315,60925,66,
1876,94788,124,9970,695,66,
1877,94788,119,10400,10402,69,
1878,94788,124,10322,10330,76,
1879,94788,119,10391,10404,80,
1880,94788,119,10401,10406,90,4
1881,94789,131,10244,10241,58,
1882,94789,131,10260,10258,58,
1883,94789,121,9932,9936,66,
1884,94789,121,9934,9933,71,
1885,94789,131,10249,10261,80,
1886,94789,121,9926,9935,84,
1887,94790,134,10144,10134,46,
1888,94790,126,9956,80552,63,
1889,94790,134,10131,10130,69,
1890,94790,126,9976,10108,77,
1891,94790,126,9967,9959,85,
1892,94790,134,10143,10147,87,
1893,94791,120,10078,10072,57,
1894,94791,120,10067,10064,63,
1895,94791,134,10143,10150,75,
1896,94791,120,10073,10204,75,
1897,94791,134,10142,10147,86,
1898,94791,134,10493,10130,90,
1899,94792,121,9926,9918,46,
1900,94792,121,9934,9933,46,
1901,94792,118,10041,10044,59,
1902,94792,118,10042,42163,62,
1903,94792,121,9932,9936,72,
1904,94792,118,10033,10025,79,
1905,94793,132,10189,10197,24,
1906,94793,129,10265,10273,51,
1907,94793,132,10390,10203,58,
1908,94793,129,80166,50532,65,
1909,94793,132,10208,10006,72,
1910,94793,129,80474,10003,79,
1911,94794,131,10243,10258,46,
1912,94794,131,10241,10261,73,
1913,94794,119,10406,10401,73,
1914,94794,119,10400,10402,73,
1915,94794,131,10254,10257,78,
1916,94794,119,10391,10396,85,
1917,94795,135,10096,10106,46,
1918,94795,135,10105,10104,61,
1919,94795,145,10532,10514,62,
1920,94795,135,10097,10101,76,
1921,94795,145,10521,10536,85,
1922,94795,145,10527,78021,90,2
1923,94796,124,9982,10300,25,
1924,94796,1062,9889,9880,61,
1925,94796,1062,9865,9901,68,
1926,94796,1062,9890,9886,76,
1927,94796,124,10328,695,77,
1928,94796,124,10311,10314,79,
1929,94797,150,146378,53956,46,
1930,94797,154,10256,10435,64,
1931,94797,154,10437,10433,73,
1932,94797,154,10417,10426,77,
1933,94797,150,80381,41277,77,
1934,94797,150,10450,10458,89,
1935,94798,130,10507,10500,46,
1936,94798,127,10179,10168,55,
1937,94798,130,10495,10505,66,
1938,94798,127,10171,10169,66,
1939,94798,130,10482,10503,77,
1940,94798,127,10165,10156,85,
1941,94799,126,9956,9964,46,
1942,94799,128,9989,9987,57,
1943,94799,128,19420,9999,68,
1944,94799,128,9995,9997,86,
1945,94799,126,256,80552,90,
1946,94800,151,10349,10196,26,
1947,94800,133,10552,140451,46,
1948,94800,133,10564,10575,67,
1949,94800,133,10551,143368,73,
1950,94800,151,10352,80653,81,
1951,94800,151,10350,10367,90,3
1952,94801,134,10135,10130,28,
1953,94801,134,10150,10149,65,
1954,94801,1062,9880,9889,68,
1955,94801,134,10235,10115,76,
1956,94801,1062,44494,9901,77,
1957,94801,1062,9899,9886,83,
1958,94802,132,10390,42100,54,
1959,94802,145,10521,10532,66,
1960,94802,132,10006,53958,70,
1961,94802,145,10527,54065,77,
1962,94802,132,10203,9726,77,
1963,94802,145,10544,78021,85,
1964,94803,131,10242,10258,63,
1965,94803,120,10078,10073,72,
1966,94803,131,10261,10241,73,
1967,94803,120,10061,10049,77,
1968,94803,131,10247,10260,80,
1969,94803,120,10072,41810,81,
1970,94804,129,10278,80171,46,
1971,94804,129,77665,80166,46,
1972,94804,126,9971,10108,65,
1973,94804,126,9946,9951,67,
1974,94804,126,9964,9966,76,
1975,94804,129,10275,10288,79,
1976,94805,150,53956,146378,53,
1977,94805,150,80381,10458,58,
1978,94805,150,41277,9298,65,
1979,94805,124,10315,10318,65,
1980,94805,124,10322,10324,71,
1981,94805,124,10320,9970,77,
1982,94806,127,10166,2612,46,
1983,94806,127,30408,10177,79,
1984,94806,133,10564,10573,79,
1985,94806,133,10574,10575,81,
1986,94806,127,10168,2511,87,
1987,94806,133,10281,143367,90,1
1988,94807,118,42163,9927,46,
1989,94807,118,10167,10015,62,
1990,94807,151,10355,10346,66,
1991,94807,118,10039,10044,77,
1992,94807,151,10359,80653,81,
1993,94807,151,10364,64046,88,
1994,94808,154,10437,10435,46,
1995,94808,119,10400,10404,58,
1996,94808,154,10256,10413,67,
1997,94808,119,10388,10403,68,
1998,94808,119,10384,10406,77,
1999,94808,154,10438,10436,80,
2000,94809,121,9933,1793,46,
2001,94809,121,9932,9936,64,
2002,94809,130,10323,10500,66,
2003,94809,121,2502,12788,71,
2004,94809,130,10498,10495,71,
2005,94809,130,10507,69198,84,
2006,94810,135,10103,41292,61,
2007,94810,135,10101,9586,74,
2008,94810,128,10004,9987,77,
2009,94810,135,10098,10096,85,
2010,94810,128,2454,10008,88,
2011,94810,128,9989,71,89,
2012,94811,134,10123,1977,57,
2013,94811,134,10134,10129,68,
2014,94811,130,10323,10500,68,
2015,94811,134,10131,10130,79,
2016,94811,130,10501,10499,84,
2017,94812,118,42163,10039,46,
2018,94812,1062,9890,70593,66,
2019,94812,118,10042,10044,75,
2020,94812,1062,9899,9886,76,
2021,94812,1062,9880,9866,81,
2022,94813,120,10078,10073,46,
2023,94813,132,42100,10390,61,
2024,94813,120,10068,10065,62,
2025,94813,132,10189,10006,66,
2026,94813,132,10193,10203,78,
2027,94813,120,10072,41810,88,
2028,94814,131,10230,10238,56,
2029,94814,145,10582,140452,59,
2030,94814,145,80312,54065,63,
2031,94814,145,10525,10536,74,
2032,94814,131,10260,10250,76,
2033,94814,131,10257,10254,82,
2034,94815,135,10104,41292,46,
2035,94815,135,10097,10101,46,
2036,94815,150,80381,146378,59,
2037,94815,135,9586,10103,69,
2038,94815,150,10450,53956,69,
2039,94815,150,10458,41277,87,
2040,94816,127,10166,10177,37,
2041,94816,129,80166,10271,46,
2042,94816,127,10171,10178,53,
2043,94816,129,10275,80171,71,
2044,94816,129,10268,10292,76,
2045,94816,127,2612,30408,87,
2046,94817,124,10318,10314,12,
2047,94817,121,9923,9939,46,
2048,94817,121,9920,9918,57,
2049,94817,124,10322,10324,74,
2050,94817,121,9936,180235,76,
2051,94817,124,10311,9970,84,
2052,94818,128,71,19420,55,
2053,94818,154,10436,10413,70,
2054,94818,128,9987,9989,70,
2055,94818,154,10434,10435,78,
2056,94818,128,9986,9997,78,
2057,94818,154,10417,10422,87,
2058,94819,119,10317,10396,46,
2059,94819,151,10348,10355,46,
2060,94819,119,10388,10397,58,
2061,94819,119,10384,10405,78,
2062,94819,151,80277,80653,84,
2063,94819,151,10364,80253,90,2
2064,94820,133,10564,10575,45,3
2065,94820,133,10573,10567,59,
2066,94820,133,10240,9783,70,
2067,94820,126,9958,9957,73,
2068,94820,126,9967,9964,87,
2069,94821,131,10258,10241,68,
2070,94821,131,10242,10254,76,
2071,94821,1062,47552,9866,78,
2072,94821,131,10260,10261,79,
2073,94821,1062,9890,44494,82,
2074,94821,1062,9880,70593,88,
2075,94822,145,10535,10582,46,
2076,94822,145,10527,10544,51,
2077,94822,145,80312,10542,67,
2078,94822,124,9970,10330,76,
2079,94822,124,10322,10324,76,
2080,94822,124,10319,10300,86,
2081,94823,119,10388,10396,60,
2082,94823,120,10056,10048,67,
2083,94823,120,10067,10071,70,
2084,94823,119,10403,10402,71,
2085,94823,120,10069,10065,77,
2086,94823,119,10404,10398,77,
2087,94824,134,10129,10147,20,
2088,94824,134,10493,10143,57,
2089,94824,129,10292,77665,57,
2090,94824,129,77714,10275,68,
2091,94824,129,77669,80171,72,
2092,94824,134,10150,10134,79,
2093,94825,150,10450,9324,43,
2094,94825,150,80381,53956,73,
2095,94825,118,10041,10044,77,
2096,94825,118,10042,10039,77,
2097,94825,150,41277,146378,87,
2098,94825,118,10040,33336,90,4
2099,94826,151,10196,10349,64,
2100,94826,154,10434,10429,65,
2101,94826,154,10436,10256,73,
2102,94826,151,10355,64046,77,
2103,94826,151,10350,10348,82,
2104,94826,154,10435,10437,87,
2105,94827,126,9976,10108,63,
2106,94827,126,9962,9965,74,
2107,94827,130,10498,10499,75,
2108,94827,130,10323,10503,75,
2109,94827,126,41,80552,81,
2110,94827,130,10482,106510,85,
2111,94828,121,12788,9926,46,
2112,94828,127,10180,10171,46,
2113,94828,121,9918,9936,54,
2114,94828,127,500,10157,59,
2115,94828,121,9929,9925,64,
2116,94828,127,10177,2511,69,
2117,94829,132,10189,53958,36,
2118,94829,128,9999,2519,46,
2119,94829,132,10188,42100,62,
2120,94829,128,19420,9987,77,
2121,94829,132,10213,10203,81,
2122,94829,128,10004,10008,89,
2123,94830,135,10097,10096,46,
2124,94830,135,41292,10104,46,
2125,94830,133,10575,10579,63,
2126,94830,133,10240,10569,67,
2127,94830,135,10106,9586,70,
2128,94830,133,10574,143368,79,
2129,94831,128,19420,10004,41,
2130,94831,134,10123,10117,46,
2131,94831,134,10134,1977,77,
2132,94831,128,9997,10000,81,
2133,94831,128,9995,9989,82,
2134,94831,134,10142,10135,90,2
2135,94832,1062,9881,9899,34,
2136,94832,120,10071,10077,57,
2137,94832,1062,47552,9901,70,
2138,94832,120,10073,41810,72,
2139,94832,1062,9890,9886,81,
2140,94832,120,10069,10063,84,
2141,94833,133,10551,10569,46,
2142,94833,133,10575,10564,46,
2143,94833,118,10024,33336,54,
2144,94833,118,10042,10039,70,
2145,94833,118,10041,10044,74,
2146,94833,133,10281,143367,77,
2147,94834,129,77669,10003,46,
2148,94834,129,10292,80171,59,
2149,94834,131,10247,10243,64,
2150,94834,131,10242,10258,71,
2151,94834,131,10249,10257,78,
2152,94834,129,10003,80474,80,
2153,94835,132,53958,10006,46,
2154,94835,132,10203,10214,65,
2155,94835,150,9324,53956,65,
2156,94835,132,10208,10209,75,
2157,94835,150,9963,143369,81,
2158,94836,145,10521,10542,51,
2159,94836,127,10178,10166,61,
2160,94836,145,10527,10582,61,
2161,94836,127,2612,30408,72,
2162,94836,127,10168,10173,82,
2163,94836,145,10536,10535,86,
2164,94837,154,10434,10256,17,
2165,94837,154,10437,10435,63,
2166,94837,124,9970,695,67,
2167,94837,124,10328,10329,67,
2168,94837,154,10438,10416,74,
2169,94837,124,10322,152856,88,
2170,94838,135,10093,10101,42,
2171,94838,135,10104,10106,54,
2172,94838,135,2485,9586,57,
2173,94838,130,10507,106510,61,
2174,94838,130,10484,69198,65,
2175,94838,130,10323,80536,79,
2176,94839,151,10350,10355,46,
2177,94839,121,9932,180235,58,
2178,94839,151,64046,80653,58,
2179,94839,121,9920,9931,69,
2180,94839,151,80277,10367,86,
2181,94839,121,9918,12788,89,
2182,94840,119,10396,10391,59,
2183,94840,119,10403,10402,59,
2184,94840,126,9962,9964,74,
2185,94840,119,10384,10406,82,
2186,94840,126,9976,9957,85,
2187,94840,126,9967,9969,90,1
2188,94841,145,10536,10542,46,
2189,94841,134,10127,10144,58,
2190,94841,145,10526,10535,63,
2191,94841,134,9406,10138,72,
2192,94841,134,9700,10126,77,
2193,94841,145,10525,10582,83,
2194,94842,120,10204,80475,43,
2195,94842,129,78045,10278,46,
2196,94842,129,10273,80186,46,
2197,94842,120,10049,10061,60,
2198,94842,120,10068,10063,78,
2199,94842,129,77714,10283,80,
2200,94843,124,10322,695,40,
2201,94843,131,10242,10250,46,
2202,94843,131,10238,10234,46,
2203,94843,124,10320,64331,46,
2204,94843,131,10254,10257,59,
2205,94843,124,152856,10324,83,
2206,94844,135,9586,10103,46,
2207,94844,135,2485,115530,49,
2208,94844,135,10106,106485,59,
2209,94844,121,9932,180235,66,
2210,94844,121,9920,9936,71,
2211,94844,121,9916,9917,82,
2212,94845,150,9298,9331,33,
2213,94845,126,180916,143363,52,
2214,94845,126,9969,180923,80,
2215,94845,150,146378,10461,81,
2216,94845,150,10028,143369,85,
2217,94846,154,10436,10413,52,
2218,94846,154,10438,10435,64,
2219,94846,154,10434,10433,69,
2220,94846,118,374,42163,69,
2221,94846,118,10167,10044,81,
2222,94846,118,10040,10025,85,
2223,94847,151,10353,80253,60,
2224,94847,130,69198,133187,66,
2225,94847,130,10488,180864,71,
2226,94847,151,80277,10367,81,
2227,94847,130,167010,152858,83,
2228,94847,151,10350,133627,84,
2229,94848,1062,44494,9891,46,
2230,94848,119,10397,10406,64,
2231,94848,119,10384,10396,71,
2232,94848,119,10403,10398,81,
2233,94848,1062,51597,9870,87,
2234,94848,1062,70593,9889,87,
2235,94849,127,10180,10177,46,
2236,94849,127,2612,10171,71,
2237,94849,128,9995,10002,75,
2238,94849,128,10004,9997,89,
2239,94849,128,10000,10001,90,3
2240,94849,127,10157,70368,90,1
2241,94850,133,10547,10548,46,
2242,94850,133,10575,143367,57,
2243,94850,132,10006,53958,63,
2244,94850,133,10569,10564,68,
2245,94850,132,10198,10208,72,
2246,94850,132,10213,10214,86,
